Date,Salinity R,Tmean_R
1/7/2010,3.2,7.3
1/8/2010,3.5,6.5
1/9/2010,3.9,5.3
1/10/2010,4,4.7
1/11/2010,3.8,4.7
1/12/2010,3.7,5.3
1/13/2010,2.6,5.7
1/14/2010,2.4,5.9
1/15/2010,2.6,6.4
1/16/2010,7.2,7.8
1/17/2010,6.1,8.2
1/18/2010,3.2,8.5
1/19/2010,3,9.3
1/20/2010,3,9.7
1/21/2010,3.3,10.9
1/22/2010,3.4,11.5
1/23/2010,5.3,12.3
1/24/2010,8.2,13.2
1/25/2010,5.1,12.9
1/26/2010,3.4,12.7
1/27/2010,3.2,12.6
1/28/2010,3.5,12.7
1/29/2010,4.2,12.9
1/30/2010,3.9,12.3
1/31/2010,3.1,11.2
2/1/2010,2.7,10.7
2/2/2010,2.7,11.1
2/3/2010,2.7,11.2
2/4/2010,2.7,11.1
2/5/2010,2.9,11.3
2/6/2010,2.8,11.2
2/7/2010,2.6,10.6
2/8/2010,1.8,10.9
2/9/2010,1.7,11.1
2/10/2010,2.5,10.2
2/11/2010,2.4,9.6
2/12/2010,1.2,8.4
2/13/2010,2.1,8
2/14/2010,2.5,8.6
2/15/2010,2.3,8.9
2/16/2010,2.5,8.5
2/17/2010,2.5,8.4
2/18/2010,2,8.8
2/19/2010,1.2,9.1
2/20/2010,1.1,9.4
2/21/2010,1.6,10.1
2/22/2010,2.5,11.1
2/23/2010,2.6,11.3
2/24/2010,2,11.2
2/25/2010,1.4,10.4
2/26/2010,1.3,10.5
2/27/2010,1.3,11.1
2/28/2010,1.5,11.6
3/1/2010,1.5,11.9
3/2/2010,1.5,11.1
3/3/2010,2.2,10.4
3/4/2010,2.1,10.5
3/5/2010,1.9,10.9
3/6/2010,1.7,11.3
3/7/2010,1.6,11.8
3/8/2010,1.3,12.4
3/9/2010,1.5,13.1
3/10/2010,2.5,13.9
3/11/2010,3.9,14.9
3/12/2010,3.5,15.6
3/13/2010,1.7,15.3
3/14/2010,1.7,15.8
3/15/2010,1.6,16.3
3/16/2010,1.3,16
3/17/2010,1.3,15.9
3/18/2010,1.4,15.8
3/19/2010,1.3,16.1
3/20/2010,1.4,16.5
3/21/2010,2.1,15.8
3/22/2010,1.8,13.8
3/23/2010,1.6,14.1
3/24/2010,1.3,15.2
3/25/2010,2.3,15.8
3/26/2010,2.2,16.1
3/27/2010,2.5,17.1
3/28/2010,2.9,17.7
3/29/2010,1.7,17.1
3/30/2010,1.7,17.3
3/31/2010,1.7,17.8
4/1/2010,1.8,18.3
4/2/2010,2.4,19.3
4/3/2010,4.2,19.8
4/4/2010,4.3,20.1
4/5/2010,4.4,20.6
4/6/2010,4.1,21
4/7/2010,4.6,21.9
4/8/2010,4,22.3
4/9/2010,2.7,21.3
4/10/2010,2.9,21.2
4/11/2010,3.3,21.5
4/12/2010,3.3,21.5
4/13/2010,3.4,21.9
4/14/2010,4.1,22
4/15/2010,5.6,22.2
4/16/2010,5.8,22.3
4/17/2010,4.3,22.9
4/18/2010,3.7,23
4/19/2010,3.3,23
4/20/2010,3.2,22.5
4/21/2010,2.9,22.4
4/22/2010,2.7,22.8
4/23/2010,3.5,23.4
4/24/2010,5.1,23.1
4/25/2010,3.1,23.5
4/26/2010,2.4,23.3
4/27/2010,2.4,23.2
4/28/2010,2.7,22.5
4/29/2010,3.2,22.2
4/30/2010,5.7,22.6
5/1/2010,8.3,23
5/2/2010,9.8,23.7
5/3/2010,6.9,24.1
5/4/2010,5.3,24.6
5/5/2010,3.5,25.5
5/6/2010,3.2,26.1
5/7/2010,3.1,26.5
5/8/2010,3.1,26.9
5/9/2010,3.4,25.7
5/10/2010,3.8,25
5/11/2010,4.7,25.5
5/12/2010,5.2,26.1
5/13/2010,6.3,26.5
5/14/2010,7,26.8
5/15/2010,7.3,26.5
5/16/2010,6.5,25.9
5/17/2010,4.6,26
5/18/2010,3.3,26.7
5/19/2010,3.3,27
5/20/2010,3.5,27.3
5/21/2010,3.5,27.5
5/22/2010,3.6,28.3
5/23/2010,3.5,28.7
5/24/2010,3.1,29.3
5/25/2010,3.3,29.2
5/26/2010,4,28.8
5/27/2010,3.7,29.1
5/28/2010,3.2,29.2
5/29/2010,3.2,29.2
5/30/2010,3.6,28.6
5/31/2010,3.4,28.4
6/1/2010,2.9,28.6
6/2/2010,2.9,28.6
6/3/2010,3.5,28.5
6/4/2010,4.3,28.6
6/5/2010,4,28.3
6/6/2010,2.7,28.8
6/7/2010,2.4,29.2
6/8/2010,2.7,29.9
6/9/2010,3.1,30.3
6/10/2010,3.4,30.5
6/11/2010,3.8,30.6
6/12/2010,3.8,30.8
6/13/2010,3.6,31.3
6/14/2010,3.3,31.6
6/15/2010,3.6,31.4
6/16/2010,3.7,31.3
6/17/2010,3.2,31.6
6/18/2010,2.9,31.3
6/19/2010,2.7,31.6
6/20/2010,3,31.5
6/21/2010,3.4,31.5
6/22/2010,5.2,31.2
6/23/2010,6.4,30.6
6/24/2010,6.2,30.7
6/25/2010,6,31.3
6/26/2010,5.6,31.6
6/27/2010,5.9,31.6
6/28/2010,7,31.3
6/29/2010,7,30.1
6/30/2010,8.6,29.1
7/1/2010,8.6,28.7
7/2/2010,6,28.5
7/3/2010,6.5,28.8
7/4/2010,8.5,28.7
7/5/2010,9.5,28.9
7/6/2010,8.6,28.7
7/7/2010,9.5,28.6
7/8/2010,7.4,29.1
7/9/2010,4.4,29.9
7/10/2010,3.7,30.3
7/11/2010,3.9,30.6
7/12/2010,3.8,30.7
7/13/2010,3.4,30.7
7/14/2010,3.3,30.8
7/15/2010,3.2,31
7/16/2010,3.2,31.5
7/17/2010,3.6,30.8
7/18/2010,3.7,30.6
7/19/2010,4.3,30.4
7/20/2010,5.6,30.6
7/21/2010,6.7,30.9
7/22/2010,7.5,31
7/23/2010,7.1,31.3
7/24/2010,5.8,31.2
7/25/2010,7.6,30.9
7/26/2010,7.4,31
7/27/2010,4.7,30.6
7/28/2010,3.4,30.8
7/29/2010,3.1,30.8
7/30/2010,3,31
7/31/2010,3.3,31.6
8/1/2010,3.3,31.9
8/2/2010,3.3,32.5
8/3/2010,3.6,32.4
8/4/2010,3.6,32.1
8/5/2010,4.3,31.6
8/6/2010,4.9,31.8
8/7/2010,5.1,32.1
8/8/2010,4.3,32.3
8/9/2010,5.2,31.9
8/10/2010,7.1,31.5
8/11/2010,8.2,31.3
8/12/2010,10,30.6
8/13/2010,7.6,29.9
8/14/2010,4.7,30
8/15/2010,3.5,30.4
8/16/2010,3.7,30.2
8/17/2010,7.2,29.9
8/18/2010,6.6,29.7
8/19/2010,4.9,29.9
8/20/2010,4.2,30.4
8/21/2010,3.5,30.9
8/22/2010,2.9,31.1
8/23/2010,3.4,30.8
8/24/2010,4.4,30.7
8/25/2010,5.5,30.6
8/26/2010,6.2,30.3
8/27/2010,6.3,30
8/28/2010,6.3,28.5
8/29/2010,9,27.5
8/30/2010,11,27.7
8/31/2010,9.3,28.1
9/1/2010,9.2,28.4
9/2/2010,7.6,28.7
9/3/2010,4.5,29
9/4/2010,3.6,29.1
9/5/2010,4.2,28.7
9/6/2010,4.9,28.9
9/7/2010,5.4,28.9
9/8/2010,5.2,29.1
9/9/2010,4.9,29.4
9/10/2010,4.4,30.1
9/11/2010,3.8,30.6
9/12/2010,3.1,31.2
9/13/2010,3.6,30.8
9/14/2010,3.9,30.3
9/15/2010,4.8,29.9
9/16/2010,7,29.7
9/17/2010,7.6,29.7
9/18/2010,7.8,29.8
9/19/2010,7.2,29.9
9/20/2010,6.6,30
9/21/2010,6.4,29.8
9/22/2010,8.1,29.6
9/23/2010,10,29.2
9/24/2010,10,29
9/25/2010,8.2,29.2
9/26/2010,5.9,29.4
9/27/2010,5.4,28.5
9/28/2010,4.9,27.4
9/29/2010,5.2,26.8
9/30/2010,4.8,26.3
10/1/2010,4.2,25.2
10/2/2010,4.4,24.5
10/3/2010,4.2,24
10/4/2010,4.3,22.4
10/5/2010,4.3,21.8
10/6/2010,4.1,21.4
10/7/2010,3.6,20.4
10/8/2010,3.7,20.9
10/9/2010,4,21.6
10/10/2010,4.7,22.2
10/11/2010,5.2,22.9
10/12/2010,5.5,23.3
10/13/2010,5.1,23.8
10/14/2010,4.8,23.8
10/15/2010,5.4,23.1
10/16/2010,4,22.8
10/17/2010,4.9,23
10/18/2010,5.1,23.4
10/19/2010,6.3,23
10/20/2010,6.1,22.9
10/21/2010,9.1,23.3
10/22/2010,8.6,23.3
10/23/2010,10,23.6
10/24/2010,11,24
10/25/2010,11,24.4
10/26/2010,10,25
10/27/2010,9.9,25.6
10/28/2010,7.9,25.3
10/29/2010,6.4,23.4
10/30/2010,7.1,22.3
10/31/2010,6.8,22.6
11/1/2010,6.9,22.8
11/2/2010,7.5,22.9
11/3/2010,9.4,22.2
11/4/2010,9.5,21.6
11/5/2010,5.5,19.4
11/6/2010,4.5,18.2
11/7/2010,5.3,17.3
11/8/2010,5.5,17.1
11/9/2010,5.9,17.4
11/10/2010,6.8,17.5
11/11/2010,7.4,17.7
11/12/2010,8.5,17.8
11/13/2010,9.3,18.3
11/14/2010,9.1,18.8
11/15/2010,11,18.7
11/16/2010,11,18.8
11/17/2010,8.9,18
11/18/2010,9.8,17.9
11/19/2010,7.3,17.6
11/20/2010,8.4,17.5
11/21/2010,10,18
11/22/2010,12,18.7
11/23/2010,11,19.4
11/24/2010,10,20.1
11/25/2010,10,20.6
11/26/2010,9.6,20
11/27/2010,7.2,18
11/28/2010,9.1,16.9
11/29/2010,12,16.7
11/30/2010,4.5,16.9
12/1/2010,4.5,14.9
12/2/2010,4.5,14.6
12/3/2010,4.5,14.6
12/4/2010,4.5,14.9
12/5/2010,4.5,14.8
12/6/2010,4.5,13.3
12/7/2010,4.5,12.6
12/8/2010,4.5,11.9
12/9/2010,4.5,10.8
12/10/2010,4.5,10.6
12/11/2010,4.5,10.8
12/12/2010,4.5,10.9
12/13/2010,4.5,9.1
12/14/2010,4.5,8.2
12/15/2010,6.6,8.1
12/16/2010,9.6,8.8
12/17/2010,12,9.6
12/18/2010,14,9.7
12/19/2010,14,9.5
12/20/2010,14,9.7
12/21/2010,13,10.4
12/22/2010,9.8,11.1
12/23/2010,8.1,11.5
12/24/2010,11,11.3
12/25/2010,11,11
12/26/2010,4.7,9
12/27/2010,4.4,7.8
12/28/2010,5.7,8
12/29/2010,8.1,8.4
12/30/2010,13,9.5
12/31/2010,14,10.7
1/1/2011,14,11.8
1/2/2011,11,11.4
1/3/2011,9.9,10.7
1/4/2011,9.3,10.9
1/5/2011,8.5,11.5
1/6/2011,7.4,11.7
1/7/2011,5.6,11.6
1/8/2011,5.1,11.3
1/9/2011,12,11.1
1/10/2011,17,10.1
1/11/2011,9.8,9.7
1/12/2011,6.8,8.5
1/13/2011,6.3,7.6
1/14/2011,6.5,7.3
1/15/2011,6.9,7.6
1/16/2011,7.3,8
1/17/2011,8.7,8.5
1/18/2011,11,9.4
1/19/2011,11,10.2
1/20/2011,11,10.4
1/21/2011,9.9,10.3
1/22/2011,10,10
1/23/2011,8.2,9.6
1/24/2011,10,10.1
1/25/2011,12,10.6
1/26/2011,7.4,10.6
1/27/2011,6.7,10.4
1/28/2011,6.2,10.7
1/29/2011,6,11.1
1/30/2011,6.8,11.5
1/31/2011,8.3,12
2/1/2011,10,12.9
2/2/2011,7.3,11.2
2/3/2011,7.8,9.8
2/4/2011,8.7,8.6
2/5/2011,6.2,8
2/6/2011,5.6,8
2/7/2011,5.7,8.7
2/8/2011,4.9,8.6
2/9/2011,5,9
2/10/2011,5.3,8.5
2/11/2011,5,7.9
2/12/2011,5.1,8
2/13/2011,4.8,8.7
2/14/2011,4.6,9.4
2/15/2011,4.7,10.3
2/16/2011,6,11.2
2/17/2011,7.5,11.8
2/18/2011,8.3,13
2/19/2011,7.6,14
2/20/2011,6.7,15
2/21/2011,7,15.5
2/22/2011,7.1,16.6
2/23/2011,7.9,17.1
2/24/2011,9.4,18
2/25/2011,9.3,19
2/26/2011,10,19.3
2/27/2011,11,19.9
2/28/2011,11,20.7
3/1/2011,9.4,20.1
3/2/2011,11,19.9
3/3/2011,13,19.4
3/4/2011,17,19.4
3/5/2011,16,19.3
3/6/2011,6.7,17.5
3/7/2011,6.8,16.7
3/8/2011,9.8,16.9
3/9/2011,9.4,17.7
3/10/2011,5,17.1
3/11/2011,5.1,16.4
3/12/2011,5.2,16.8
3/13/2011,4.7,17.3
3/14/2011,4.4,17.9
3/15/2011,4.4,18.7
3/16/2011,4.5,18.4
3/17/2011,3.9,18.8
3/18/2011,3.4,19.5
3/19/2011,4.6,20.9
3/20/2011,4.2,21.2
3/21/2011,3.1,21.2
3/22/2011,2.7,21.7
3/23/2011,3.2,21.9
3/24/2011,3.7,22.5
3/25/2011,2.3,22.1
3/26/2011,2.2,22.1
3/27/2011,2.4,22.9
3/28/2011,2.3,23.3
3/29/2011,4,23.2
3/30/2011,6.3,22.8
3/31/2011,3.9,21.7
4/1/2011,3.1,21.5
4/2/2011,3.5,22
4/3/2011,3.3,22.5
4/4/2011,3,23
4/5/2011,3.7,21.8
4/6/2011,3.4,21.2
4/7/2011,3,21.3
4/8/2011,3.1,22.4
4/9/2011,3.1,23.2
4/10/2011,3.2,24.1
4/11/2011,3.3,24.5
4/12/2011,3.7,24.4
4/13/2011,3.3,24.3
4/14/2011,3.2,24.1
4/15/2011,4.8,23.9
4/16/2011,3.9,22.6
4/17/2011,4.1,21.9
4/18/2011,4.7,22.1
4/19/2011,5.2,23
4/20/2011,5.7,24
4/21/2011,6,24.8
4/22/2011,6.2,25
4/23/2011,6,25.1
4/24/2011,6.7,25.7
4/25/2011,7.2,26.1
4/26/2011,7.4,26
4/27/2011,7.2,25.8
4/28/2011,5.6,24.7
4/29/2011,5.2,24.2
4/30/2011,5.5,23.8
5/1/2011,5.6,24.1
5/2/2011,6.2,25
5/3/2011,5.6,25
5/4/2011,5.2,23.1
5/5/2011,5.3,22.5
5/6/2011,5.1,22.6
5/7/2011,4.8,23.2
5/8/2011,4.6,23.8
5/9/2011,4.6,24.6
5/10/2011,4.8,25.4
5/11/2011,4.7,25.8
5/12/2011,4.7,26.8
5/13/2011,4.3,26.9
5/14/2011,4.1,26.1
5/15/2011,4.2,24.6
5/16/2011,4.3,23.7
5/17/2011,4.3,22.8
5/18/2011,4,22.8
5/19/2011,3.7,23.1
5/20/2011,3.2,23.8
5/21/2011,1.9,24.5
5/22/2011,0.9,24.6
5/23/2011,0.9,25.3
5/24/2011,1.1,26.1
5/25/2011,0.9,26.2
5/26/2011,1,26
5/27/2011,1.2,26.3
5/28/2011,1.4,27.2
5/29/2011,1.2,27
5/30/2011,1.1,27.2
5/31/2011,0.8,27.6
6/1/2011,0.6,27.6
6/2/2011,0.6,27.9
6/3/2011,0.8,28.2
6/4/2011,0.9,28.3
6/5/2011,0.9,28.7
6/6/2011,1,28.8
6/7/2011,1,28.6
6/8/2011,1.2,28.3
6/9/2011,1.3,28.4
6/10/2011,0.9,28.9
6/11/2011,0.6,29.1
6/12/2011,0.5,29.5
6/13/2011,0.5,29.6
6/14/2011,0.5,29.5
6/15/2011,0.6,29.7
6/16/2011,0.7,29.9
6/17/2011,0.9,30.3
6/18/2011,0.9,30.2
6/19/2011,0.9,30.3
6/20/2011,0.9,30.1
6/21/2011,0.8,30.4
6/22/2011,0.8,29.5
6/23/2011,0.9,29.1
6/24/2011,0.9,29.5
6/25/2011,0.8,29.6
6/26/2011,1,30.2
6/27/2011,1.2,30.6
6/28/2011,1.3,30.9
6/29/2011,1.9,30.8
6/30/2011,1.9,31
7/1/2011,1.4,31.1
7/2/2011,1.6,31.1
7/3/2011,2.3,31.1
7/4/2011,3.5,31.5
7/5/2011,4.2,31.5
7/6/2011,5.3,31.9
7/7/2011,4.1,31.6
7/8/2011,2.8,31.7
7/9/2011,3.4,31.6
7/10/2011,4.2,31.7
7/11/2011,4.4,31.9
7/12/2011,4.6,31.6
7/13/2011,4.7,31.2
7/14/2011,4.7,30.9
7/15/2011,5.2,30.1
7/16/2011,4.1,29.4
7/17/2011,4.4,29
7/18/2011,5.5,28.7
7/19/2011,6.7,28.7
7/20/2011,6.6,29.4
7/21/2011,4.9,30.2
7/22/2011,4.3,30.5
7/23/2011,4.3,30.1
7/24/2011,4.5,29.9
7/25/2011,4.5,29.3
7/26/2011,3,29.1
7/27/2011,4.6,29.3
7/28/2011,6.7,29.2
7/29/2011,8.6,29
7/30/2011,8.9,29.7
7/31/2011,7,30.3
8/1/2011,5.3,30.5
8/2/2011,3.7,30.9
8/3/2011,2.9,31.3
8/4/2011,2.5,31.7
8/5/2011,6,31.5
8/6/2011,6.8,31.6
8/7/2011,5.6,32.3
8/8/2011,3.6,31.9
8/9/2011,1.9,31.1
8/10/2011,1.4,31.2
8/11/2011,1.6,31.5
8/12/2011,2.9,31.5
8/13/2011,4.9,31.4
8/14/2011,5.3,31.3
8/15/2011,5.6,31
8/16/2011,7.9,30.9
8/17/2011,7.7,30.9
8/18/2011,6.9,31.3
8/19/2011,7.8,31.3
8/20/2011,8.1,31.8
8/21/2011,8.1,32.1
8/22/2011,8.9,32.1
8/23/2011,8.8,32.3
8/24/2011,10,32.1
8/25/2011,11,31.8
8/26/2011,10,31.9
8/27/2011,7.6,31.8
8/28/2011,8.2,31
8/29/2011,10,30.9
8/30/2011,9.9,30.9
8/31/2011,11,30.9
9/1/2011,15,30.4
9/2/2011,18,28.7
9/3/2011,21,27.4
9/4/2011,19,26.9
9/5/2011,6.6,26.6
9/6/2011,6.4,25.4
9/7/2011,7,24.9
9/8/2011,7.5,24.7
9/9/2011,7.8,25
9/10/2011,7.4,25.7
9/11/2011,6.8,25.9
9/12/2011,5.5,26.4
9/13/2011,4.7,26.9
9/14/2011,4.5,27.4
9/15/2011,4.3,27.8
9/16/2011,4.7,26.8
9/17/2011,6.1,26.2
9/18/2011,6.9,26.4
9/19/2011,7,26.6
9/20/2011,6.7,26.9
9/21/2011,6.2,27.3
9/22/2011,6.2,27.3
9/23/2011,6.2,27.2
9/24/2011,6,27.4
9/25/2011,6,27.6
9/26/2011,5.9,27.7
9/27/2011,5.3,28.1
9/28/2011,5.3,28.4
9/29/2011,5.3,27.8
9/30/2011,5.3,27.7
10/1/2011,5.3,26.6
10/2/2011,5.4,24.8
10/3/2011,5.4,24.3
10/4/2011,5.3,23.9
10/5/2011,5.4,23.5
10/6/2011,6,23.5
10/7/2011,8.1,23.7
10/8/2011,10,23.8
10/9/2011,13,23.9
10/10/2011,13,23.9
10/11/2011,7,23.8
10/12/2011,5.8,24
10/13/2011,5.3,24.4
10/14/2011,4.8,24.7
10/15/2011,5,24.5
10/16/2011,5.5,24.4
10/17/2011,6.3,24.5
10/18/2011,8.3,24.6
10/19/2011,4.7,22
10/20/2011,4.5,20.8
10/21/2011,4.5,20.4
10/22/2011,5,20
10/23/2011,5.6,19.9
10/24/2011,5.9,20.1
10/25/2011,7,20.4
10/26/2011,7.9,20.9
10/27/2011,8.6,21.5
10/28/2011,9.1,21.6
10/29/2011,7.6,20.4
10/30/2011,10,18.8
10/31/2011,10,18.4
11/1/2011,9.6,18.4
11/2/2011,10,18.4
11/3/2011,11,18.7
11/4/2011,6.7,17.5
11/5/2011,8,17.3
11/6/2011,12,17.4
11/7/2011,13,17.8
11/8/2011,14,18.5
11/9/2011,13,19.2
11/10/2011,8.4,17.6
11/11/2011,7,16.6
11/12/2011,7.4,16.3
11/13/2011,9,16.7
11/14/2011,11,17.7
11/15/2011,12,18.7
11/16/2011,12,19.7
11/17/2011,8.8,19.4
11/18/2011,11,17.6
11/19/2011,13,17.2
11/20/2011,13,17.9
11/21/2011,9.6,18.8
11/22/2011,10,19.5
11/23/2011,8.9,19.7
11/24/2011,9.1,19
11/25/2011,11,18.6
11/26/2011,13,18.8
11/27/2011,12,18.5
11/28/2011,5.9,15.9
11/29/2011,5.3,14.4
11/30/2011,5.8,13.9
12/1/2011,8,13.4
12/2/2011,8.4,13.1
12/3/2011,11,13.9
12/4/2011,14,14.8
12/5/2011,14,15.6
12/6/2011,9.5,15.6
12/7/2011,6.9,13.8
12/8/2011,6.7,12.7
12/9/2011,7,12.1
12/10/2011,7.4,11.6
12/11/2011,8.6,11
12/12/2011,9.7,10.9
12/13/2011,10,11.4
12/14/2011,10,12.2
12/15/2011,11,13
12/16/2011,11,13.7
12/17/2011,9.6,14.3
12/18/2011,9.4,14
12/19/2011,9.7,13.6
12/20/2011,12,14.2
12/21/2011,13,14.9
12/22/2011,14,15.5
12/23/2011,13,15.3
12/24/2011,13,14.9
12/25/2011,13,14.5
12/26/2011,13,14.6
12/27/2011,7.7,13.7
12/28/2011,6.6,13.5
12/29/2011,9.1,13.5
12/30/2011,9.7,14
12/31/2011,8.2,14.5
1/1/2012,7.7,14.9
1/2/2012,5.9,13.9
1/3/2012,5.4,12.1
1/4/2012,5.1,12.1
1/5/2012,5.4,12.4
1/6/2012,6,12.8
1/7/2012,7.2,13.3
1/8/2012,8.6,13.9
1/9/2012,9.2,14.6
1/10/2012,11,15.1
1/11/2012,8.7,14.8
1/12/2012,6.9,14.4
1/13/2012,5.7,13.1
1/14/2012,5.9,12.9
1/15/2012,5.9,12.2
1/16/2012,7.1,12.7
1/17/2012,8.5,13.5
1/18/2012,9.2,13.9
1/19/2012,10,13.9
1/20/2012,10,14.7
1/21/2012,9.9,15.8
1/22/2012,9.5,16.5
1/23/2012,9.6,17.3
1/24/2012,10,17
1/25/2012,10,17.3
1/26/2012,9.7,17.8
1/27/2012,6.1,17
1/28/2012,6.1,16.7
1/29/2012,6.1,16.2
1/30/2012,6,15.4
1/31/2012,6,15.5
2/1/2012,4.5,16
2/2/2012,5.8,16.3
2/3/2012,5.4,16.8
2/4/2012,5.5,17.4
2/5/2012,5.6,17.7
2/6/2012,5.6,17.2
2/7/2012,5.4,16.9
2/8/2012,5.4,16.7
2/9/2012,4.6,16.1
2/10/2012,5.2,15.6
2/11/2012,5.2,14.2
2/12/2012,4.9,12.9
2/13/2012,4.2,12.1
2/14/2012,3.7,12.3
2/15/2012,3.6,13
2/16/2012,3.6,13.9
2/17/2012,3.6,14.5
2/18/2012,3.4,14.9
2/19/2012,4.1,14.9
2/20/2012,4.5,14.6
2/21/2012,4.4,15.1
2/22/2012,4.5,15.8
2/23/2012,4.6,16.5
2/24/2012,4.3,17.1
2/25/2012,3.9,15.8
2/26/2012,3.1,14.9
2/27/2012,4.5,14.2
2/28/2012,3.4,15.1
2/29/2012,3.3,16.4
3/1/2012,3.8,17.4
3/2/2012,3.6,18.5
3/3/2012,3.4,18.8
3/4/2012,3.4,17.3
3/5/2012,3.7,16.9
3/6/2012,3,17.5
3/7/2012,3.7,17.5
3/8/2012,5.1,18.6
3/9/2012,4.5,18.9
3/10/2012,4.6,18
3/11/2012,4.8,18.1
3/12/2012,4.8,18.4
3/13/2012,4.4,19.2
3/14/2012,3.9,20.1
3/15/2012,3.9,20.8
3/16/2012,3.9,21.7
3/17/2012,3.8,22.2
3/18/2012,3.1,22.7
3/19/2012,2.5,23.1
3/20/2012,4.3,22.9
3/21/2012,8.1,22.9
3/22/2012,5.5,21.9
3/23/2012,4.1,21.8
3/24/2012,3.6,22.2
3/25/2012,3.5,22.1
3/26/2012,3.4,22.5
3/27/2012,3.2,22.9
3/28/2012,2.8,22.9
3/29/2012,2.5,23.1
3/30/2012,1.9,23.3
3/31/2012,2.7,23.8
4/1/2012,3.2,24.7
4/2/2012,2.6,24.8
4/3/2012,1.7,24.8
4/4/2012,1.7,24.4
4/5/2012,2.8,24
4/6/2012,3.3,24.2
4/7/2012,2.3,23.5
4/8/2012,1.8,23.1
4/9/2012,2.7,23.9
4/10/2012,2.7,24
4/11/2012,2.7,24.2
4/12/2012,1.7,23.5
4/13/2012,1.4,23.2
4/14/2012,1.3,23.2
4/15/2012,1.6,23.7
4/16/2012,1.6,24.2
4/17/2012,1.6,23.9
4/18/2012,2.3,22.4
4/19/2012,2.4,22.9
4/20/2012,4.5,23.319
4/21/2012,4.5,23.202
4/22/2012,4.5,21.821
4/23/2012,4.5,21.543
4/24/2012,4.5,21.235
4/25/2012,3.1,20.7
4/26/2012,3,21.4
4/27/2012,2.7,22.4
4/28/2012,2.6,23.5
4/29/2012,3.2,24.2
4/30/2012,3.5,24.7
5/1/2012,3.6,25.3
5/2/2012,5.7,25.6
5/3/2012,7.3,25.6
5/4/2012,5.5,26.3
5/5/2012,4.4,27
5/6/2012,4.3,27.4
5/7/2012,4.4,27.5
5/8/2012,4.5,27.5
5/9/2012,4.1,27.5
5/10/2012,4,27.1
5/11/2012,4.3,26.4
5/12/2012,5.1,25.7
5/13/2012,3.7,25.3
5/14/2012,3.2,25.7
5/15/2012,3.6,26
5/16/2012,3.7,26.3
5/17/2012,3.7,26.2
5/18/2012,3.5,26.5
5/19/2012,3.8,27
5/20/2012,3.9,27.3
5/21/2012,3.5,27.5
5/22/2012,3.4,27.8
5/23/2012,3.5,27.9
5/24/2012,3.6,27.7
5/25/2012,3.8,27.9
5/26/2012,3.8,28.1
5/27/2012,3.8,28.6
5/28/2012,3.9,29
5/29/2012,3.4,29.2
5/30/2012,3.1,29.4
5/31/2012,3.6,29.1
6/1/2012,3.8,28.4
6/2/2012,4.7,27.9
6/3/2012,5.4,28.1
6/4/2012,5.1,28.6
6/5/2012,4.4,29.1
6/6/2012,4.9,29.2
6/7/2012,6.9,29.2
6/8/2012,8.9,28.6
6/9/2012,12,27.9
6/10/2012,10,27.1
6/11/2012,6.5,27.5
6/12/2012,5.5,28
6/13/2012,4.5,27.8
6/14/2012,4.8,28.3
6/15/2012,5.8,28.1
6/16/2012,8.6,28.1
6/17/2012,11,27.8
6/18/2012,11,27.8
6/19/2012,11,27.8
6/20/2012,11,27.9
6/21/2012,11,28
6/22/2012,10,28.3
6/23/2012,11,28.8
6/24/2012,13,29.3
6/25/2012,13,29.3
6/26/2012,11,29.8
6/27/2012,8.9,30.4
6/28/2012,7.6,30.9
6/29/2012,5.9,31
6/30/2012,5.7,31.1
7/1/2012,5.9,31.3
7/2/2012,5.7,31.3
7/3/2012,6.3,31.4
7/4/2012,7,31.2
7/5/2012,6.8,31.1
7/6/2012,6.7,30.8
7/7/2012,7.2,30.6
7/8/2012,7.2,30.1
7/9/2012,6.4,29.9
7/10/2012,5.9,29.3
7/11/2012,6.1,29
7/12/2012,6.6,29.1
7/13/2012,8.4,29.3
7/14/2012,9.1,29.2
7/15/2012,11,29.3
7/16/2012,10,29.9
7/17/2012,9.1,30.5
7/18/2012,9.1,30.6
7/19/2012,8.1,30.1
7/20/2012,6.7,29.2
7/21/2012,5.9,28.7
7/22/2012,6.4,28.7
7/23/2012,6.8,28.9
7/24/2012,6.4,29.9
7/25/2012,4.8,30.7
7/26/2012,4.4,30.7
7/27/2012,4.7,30.5
7/28/2012,4.7,30.5
7/29/2012,5.1,30.7
7/30/2012,4.8,31
7/31/2012,4.6,31
8/1/2012,4.7,30.9
8/2/2012,4.9,31
8/3/2012,6.8,31.2
8/4/2012,8.2,31.4
8/5/2012,9.3,31.3
8/6/2012,9.1,31
8/7/2012,9.5,31
8/8/2012,9.4,31.1
8/9/2012,8.2,30.8
8/10/2012,6.2,29.8
8/11/2012,4.7,29.2
8/12/2012,6.6,29.4
8/13/2012,7.8,30
8/14/2012,5.4,30.4
8/15/2012,4.8,30.6
8/16/2012,6.1,30.6
8/17/2012,8.2,30.5
8/18/2012,8.8,30
8/19/2012,6.4,28.7
8/20/2012,5.1,28.3
8/21/2012,7.6,28.8
8/22/2012,8.6,28.8
8/23/2012,8.9,28.9
8/24/2012,8.3,29.2
8/25/2012,9,29.1
8/26/2012,11,29.2
8/27/2012,11,29.2
8/28/2012,19,28.2
8/29/2012,30,26.8
8/30/2012,19,26.2
8/31/2012,12,26.4
9/1/2012,9.1,27.3
9/2/2012,6.7,28
9/3/2012,5.5,28.4
9/4/2012,5.2,28.6
9/5/2012,5.1,28.8
9/6/2012,3.4,28.6
9/7/2012,2.6,28.8
9/8/2012,3.2,29.5
9/9/2012,4,29.1
9/10/2012,4.3,28.5
9/11/2012,3.9,27.7
9/12/2012,2.9,27.5
9/13/2012,3,27.6
9/14/2012,2.9,27.6
9/15/2012,4.4,27.5
9/16/2012,5.8,27.8
9/17/2012,5.8,27.5
9/18/2012,6.8,27.2
9/19/2012,6.5,26.9
9/20/2012,6.4,26.7
9/21/2012,6.4,26.7
9/22/2012,6.6,27.1
9/23/2012,6.6,27.5
9/24/2012,6.7,28
9/25/2012,5.8,27.7
9/26/2012,5,27.2
9/27/2012,4.8,27.3
9/28/2012,5.3,27.5
9/29/2012,5.9,27.3
9/30/2012,5.2,26.8
10/1/2012,6.4,25.5
10/2/2012,7.2,24.3
10/3/2012,5.4,24.4
10/4/2012,4,24.7
10/5/2012,4.6,25.3
10/6/2012,4.8,25.8
10/7/2012,5.1,25.4
10/8/2012,4.7,24.2
10/9/2012,4.4,23.5
10/10/2012,5.5,23.8
10/11/2012,5.5,23.9
10/12/2012,5,24.1
10/13/2012,5.4,24.3
10/14/2012,4,25
10/15/2012,4.6,25.3
10/16/2012,3.7,24.7
10/17/2012,4.1,24.1
10/18/2012,4.1,24.3
10/19/2012,4.5,23.6
10/20/2012,4.9,23.2
10/21/2012,4.8,23.1
10/22/2012,4.6,22.9
10/23/2012,5.1,23
10/24/2012,5.4,23.4
10/25/2012,5.3,24
10/26/2012,5.1,24.2
10/27/2012,5.8,22.5
10/28/2012,6.5,19.9
10/29/2012,6.7,18.3
10/30/2012,6.8,17.3
10/31/2012,6.6,17.3
11/1/2012,5.7,17.8
11/2/2012,6.4,18.5
11/3/2012,7.2,19.2
11/4/2012,7.8,19.6
11/5/2012,9.2,19.5
11/6/2012,8.9,19.1
11/7/2012,7,18.4
11/8/2012,7.5,17.7
11/9/2012,7.9,17.5
11/10/2012,9.1,17.8
11/11/2012,11,18.4
11/12/2012,13,18.5
11/13/2012,11,17
11/14/2012,11,15.9
11/15/2012,9.1,15.3
11/16/2012,8.8,15.3
11/17/2012,8.7,15.3
11/18/2012,8.8,15.3
11/19/2012,8.4,15.7
11/20/2012,7.7,16
11/21/2012,7,15.9
11/22/2012,7.1,16.2
11/23/2012,7.7,16.4
11/24/2012,7.7,16
11/25/2012,9.7,15.7
11/26/2012,11,15.7
11/27/2012,12,16
11/28/2012,11,15.7
11/29/2012,12,15.2
11/30/2012,12,15.4
12/1/2012,11,15.9
12/2/2012,11,16.4
12/3/2012,10,17.1
12/4/2012,11,17.6
12/5/2012,10,17.9
12/6/2012,9.8,18.3
12/7/2012,9.4,18.5
12/8/2012,8.6,18.8
12/9/2012,8.2,19
12/10/2012,7.6,19.4
12/11/2012,6.3,17.4
12/12/2012,7.1,15.8
12/13/2012,6.5,14.7
12/14/2012,6.8,14.6
12/15/2012,7.5,14.8
12/16/2012,7.7,15.3
12/17/2012,8.6,15.5
12/18/2012,6.7,15.3
12/19/2012,6.7,15.6
12/20/2012,6.7,15.9
12/21/2012,5.8,13.6
12/22/2012,5.6,13
12/23/2012,5.2,13.1
12/24/2012,6.3,13.7
12/25/2012,7.1,14.5
12/26/2012,6.2,13.7
12/27/2012,5.7,12.8
12/28/2012,7.4,12.5
12/29/2012,6.8,12.4
12/30/2012,5.7,11.7
12/31/2012,5.3,11.2
1/1/2013,5.5,11.5
1/2/2013,5.3,11.9
1/3/2013,5.4,11.3
1/4/2013,4.7,10.6
1/5/2013,5,10.5
1/6/2013,4.4,10.3
1/7/2013,4.6,10
1/8/2013,3.5,10.3
1/9/2013,3.5,11.1
1/10/2013,3.9,12
1/11/2013,4.3,12.6
1/12/2013,5.2,13.1
1/13/2013,4.9,13.6
1/14/2013,4.9,13.5
1/15/2013,4.8,12.8
1/16/2013,4.7,12.2
1/17/2013,4.5,11
1/18/2013,4.1,10.5
1/19/2013,3.6,10.6
1/20/2013,3.3,11
1/21/2013,3.7,11.7
1/22/2013,3.3,11.6
1/23/2013,3.4,12
1/24/2013,3.9,12.7
1/25/2013,4,13.5
1/26/2013,3.5,14
1/27/2013,2.5,14.1
1/28/2013,1.4,14.4
1/29/2013,1.5,15
1/30/2013,1.8,15.6
1/31/2013,3.3,14.5
2/1/2013,3.4,14.1
2/2/2013,1.8,13.9
2/3/2013,1.9,13.9
2/4/2013,1.7,13.9
2/5/2013,1.2,14.1
2/6/2013,1.2,14.3
2/7/2013,1.5,15.1
2/8/2013,1.4,15.7
2/9/2013,1.4,15.5
2/10/2013,1.2,15.9
2/11/2013,1.4,16.3
2/12/2013,1.1,16.1
2/13/2013,2.2,15.6
2/14/2013,2.8,14.8
2/15/2013,3,14.6
2/16/2013,3.2,14.4
2/17/2013,2.9,13.4
2/18/2013,1.9,13.2
2/19/2013,1.4,13.6
2/20/2013,1,13.1
2/21/2013,1,12.8
2/22/2013,1,13.5
2/23/2013,1.3,13.9
2/24/2013,1.7,13.9
2/25/2013,0.6,14.3
2/26/2013,1.5,14.2
2/27/2013,2.6,14.1
2/28/2013,2.8,14.2
3/1/2013,2.9,13.4
3/2/2013,2.7,12.9
3/3/2013,2.9,11.4
3/4/2013,2.3,11.7
3/5/2013,1.2,12.9
3/6/2013,1.2,12.8
3/7/2013,0.8,13.2
3/8/2013,0.8,13.2
3/9/2013,0.6,13.9
3/10/2013,1.9,14.7
3/11/2013,2.7,15.3
3/12/2013,1.7,15.3
3/13/2013,1.1,15
3/14/2013,1.3,14.6
3/15/2013,1.4,14.8
3/16/2013,1.4,15.4
3/17/2013,1.4,16.5
3/18/2013,2.4,17.6
3/19/2013,3.1,18.3
3/20/2013,3.2,17.8
3/21/2013,2.9,16.8
3/22/2013,2.5,17.1
3/23/2013,2.7,17.2
3/24/2013,2.5,17.8
3/25/2013,2,16.2
3/26/2013,2.1,15.4
3/27/2013,1.8,14.5
3/28/2013,1.6,14.6
3/29/2013,1.5,15.1
3/30/2013,1.5,16.4
3/31/2013,1.9,17.2
4/1/2013,2.2,18
4/2/2013,2.9,18.6
4/3/2013,6.1,19.1
4/4/2013,6.5,18.4
4/5/2013,2.5,17.4
4/6/2013,2.3,17.3
4/7/2013,2.4,18
4/8/2013,2.3,18.9
4/9/2013,2.7,19.9
4/10/2013,3.3,21
4/11/2013,3.3,21.5
4/12/2013,2.4,20.5
4/13/2013,2,20.3
4/14/2013,2.4,20.3
4/15/2013,2.3,20.3
4/16/2013,2,20.8
4/17/2013,1.7,21.7
4/18/2013,1.5,22.3
4/19/2013,1.5,21.5
4/20/2013,1.5,19.8
4/21/2013,1.4,19.5
4/22/2013,1.3,19.6
4/23/2013,0.9,20.7
4/24/2013,1,21.1
4/25/2013,1.5,20.4
4/26/2013,1.4,20.6
4/27/2013,1.4,20.9
4/28/2013,1.7,21.8
4/29/2013,1.5,21.9
4/30/2013,1.4,22.5
5/1/2013,1,22.7
5/2/2013,1.5,22.6
5/3/2013,1.5,22.1
5/4/2013,1.5,20.7
5/5/2013,1.9,20.4
5/6/2013,1.9,20
5/7/2013,1.6,20.4
5/8/2013,1.3,21
5/9/2013,1.3,22.1
5/10/2013,1.9,22.5
5/11/2013,1.7,21.9
5/12/2013,1.4,22
5/13/2013,1.3,21.6
5/14/2013,1.3,22.2
5/15/2013,1.4,22.8
5/16/2013,1.4,23.2
5/17/2013,1,23.9
5/18/2013,1.2,24.6
5/19/2013,0.9,25
5/20/2013,0.8,25.4
5/21/2013,0.8,26
5/22/2013,0.9,26.3
5/23/2013,1,26.4
5/24/2013,1.4,27
5/25/2013,1.1,26.8
5/26/2013,0.9,26.6
5/27/2013,0.9,26.5
5/28/2013,0.9,26.5
5/29/2013,1.8,27
5/30/2013,4,26.9
5/31/2013,4.7,27.1
6/1/2013,3.3,27.5
6/2/2013,1.7,27.4
6/3/2013,1.3,28
6/4/2013,1.4,28.7
6/5/2013,1.7,29
6/6/2013,2,29
6/7/2013,1.6,29.1
6/8/2013,1.5,29.2
6/9/2013,1.6,28.8
6/10/2013,1.4,28.4
6/11/2013,1.4,28.9
6/12/2013,1.5,29.3
6/13/2013,1.5,29.9
6/14/2013,1.4,30.3
6/15/2013,1.4,30.1
6/16/2013,1.5,29.6
6/17/2013,4.5,25.341
6/18/2013,4.5,25.13
6/19/2013,4.5,25.162
6/20/2013,2.8,29.7
6/21/2013,3.9,29.6
6/22/2013,5.6,29.5
6/23/2013,6.6,29.7
6/24/2013,6.4,30
6/25/2013,6.3,30.1
6/26/2013,6.1,30.1
6/27/2013,4.9,30.3
6/28/2013,3.3,30.8
6/29/2013,2.7,30.3
6/30/2013,3.5,30.1
7/1/2013,5.6,29.7
7/2/2013,7.1,29.5
7/3/2013,8.1,29.2
7/4/2013,10,29
7/5/2013,9.2,28.7
7/6/2013,11,27.8
7/7/2013,9.5,27.6
7/8/2013,7.2,28
7/9/2013,6,28.6
7/10/2013,3.9,29.3
7/11/2013,2.6,29.3
7/12/2013,3.2,29
7/13/2013,4.6,29.2
7/14/2013,5.8,29.3
7/15/2013,7.1,29.1
7/16/2013,9.1,28.5
7/17/2013,9.6,28.4
7/18/2013,8.3,29
7/19/2013,7.7,29.5
7/20/2013,8,29.7
7/21/2013,5.4,29.4
7/22/2013,4.2,28.7
7/23/2013,3.3,29
7/24/2013,2.2,29.1
7/25/2013,2.2,29.4
7/26/2013,3.2,30.1
7/27/2013,2.9,29.5
7/28/2013,2.4,29.4
7/29/2013,3.8,29.9
7/30/2013,4.9,30.1
7/31/2013,4.4,30.3
8/1/2013,3.7,30.7
8/2/2013,6.7,30.5
8/3/2013,8.7,30.7
8/4/2013,6.7,31.3
8/5/2013,5.5,31.5
8/6/2013,5.2,31.5
8/7/2013,6.6,31.5
8/8/2013,9.7,31.7
8/9/2013,12,31.6
8/10/2013,13,31.4
8/11/2013,12,31.2
8/12/2013,8.2,31.1
8/13/2013,5,30.6
8/14/2013,4.5,29.7
8/15/2013,5.1,29.1
8/16/2013,7.5,29.3
8/17/2013,10,28.8
8/18/2013,12,27.9
8/19/2013,12,28
8/20/2013,11,28.4
8/21/2013,11,28.6
8/22/2013,11,28.6
8/23/2013,10,28.9
8/24/2013,11,28.6
8/25/2013,11,27.9
8/26/2013,11,27.8
8/27/2013,11,28.3
8/28/2013,8.7,28.7
8/29/2013,7.1,29
8/30/2013,5.6,29.1
8/31/2013,4.5,29.2
9/1/2013,4.5,29.4
9/2/2013,4.4,29.9
9/3/2013,4.5,30.2
9/4/2013,5.9,30.3
9/5/2013,6.4,30.4
9/6/2013,6.8,30.2
9/7/2013,7,30.1
9/8/2013,7.7,30.4
9/9/2013,8.1,30.7
9/10/2013,8.5,30.6
9/11/2013,9.6,29.8
9/12/2013,11,29.6
9/13/2013,9.9,30.1
9/14/2013,9.6,29.8
9/15/2013,11,29.6
9/16/2013,10,29.6
9/17/2013,11,29.5
9/18/2013,12,29.4
9/19/2013,15,28.7
9/20/2013,12,28.5
9/21/2013,7.3,28.5
9/22/2013,7.6,27.7
9/23/2013,8.7,27.2
9/24/2013,7.8,27.6
9/25/2013,6.5,27.6
9/26/2013,6.4,28
9/27/2013,6.6,27.7
9/28/2013,7.4,27.6
9/29/2013,7.4,27.6
9/30/2013,7.3,27.5
10/1/2013,7,27
10/2/2013,6.7,26.8
10/3/2013,7.2,26.7
10/4/2013,8.7,27
10/5/2013,8.3,27.1
10/6/2013,7.9,27.2
10/7/2013,5.8,25.8
10/8/2013,5.5,25
10/9/2013,5.3,24.9
10/10/2013,5.9,24.9
10/11/2013,5.6,25.4
10/12/2013,5.3,25.9
10/13/2013,4.8,26.3
10/14/2013,4.9,26.2
10/15/2013,6.1,26.2
10/16/2013,6.5,26
10/17/2013,5.8,26.1
10/18/2013,5.6,25.6
10/19/2013,6.4,24.4
10/20/2013,6.2,23.7
10/21/2013,6.6,23
10/22/2013,6.8,22.8
10/23/2013,5.2,22.1
10/24/2013,5.1,21.8
10/25/2013,5,21.8
10/26/2013,5.3,20.9
10/27/2013,5.1,21.3
10/28/2013,5.5,20.8
10/29/2013,5.8,20.8
10/30/2013,6.9,21.4
10/31/2013,7.8,22
11/1/2013,6.8,22.1
11/2/2013,5.9,21.7
11/3/2013,5.6,21.1
11/4/2013,6.5,19.9
11/5/2013,11,19.3
11/6/2013,14,19.8
11/7/2013,9,19.6
11/8/2013,7.2,18.4
11/9/2013,6.7,17.9
11/10/2013,6.3,18
11/11/2013,5.8,18.1
11/12/2013,5,17.7
11/13/2013,5.4,16.2
11/14/2013,6.7,14.7
11/15/2013,8.6,14.4
11/16/2013,9.1,15
11/17/2013,9.8,16
11/18/2013,9,16.7
11/19/2013,8.1,16.5
11/20/2013,7.7,16.2
11/21/2013,10,16.1
11/22/2013,9.1,16.7
11/23/2013,6.4,17
11/24/2013,6.1,16.1
11/25/2013,9.7,14.1
11/26/2013,12,13.4
11/27/2013,5.1,12.3
11/28/2013,4,11
11/29/2013,3.9,10.6
11/30/2013,4.5,10.7
12/1/2013,4.6,11.2
12/2/2013,5.2,11.9
12/3/2013,6.1,12.7
12/4/2013,6.8,13.5
12/5/2013,7.5,14.4
12/6/2013,7.7,15.4
12/7/2013,6.5,14.7
12/8/2013,6.4,14
12/9/2013,6.1,13.8
12/10/2013,5.3,13.2
12/11/2013,5.5,12.7
12/12/2013,5,12
12/13/2013,5,11.8
12/14/2013,5.1,12.1
12/15/2013,4.9,11.7
12/16/2013,4.6,11.4
12/17/2013,4.4,11.4
12/18/2013,4.3,11.6
12/19/2013,3.7,11.7
12/20/2013,3.9,12.4
12/21/2013,5.5,13.7
12/22/2013,6.3,14.2
12/23/2013,4.8,13.8
12/24/2013,4.3,12.3
12/25/2013,4.2,11.6
12/26/2013,4.1,10.8
12/27/2013,4,10.7
12/28/2013,3.7,10.7
12/29/2013,3.8,10.7
12/30/2013,4,10.9
12/31/2013,4,10.6
1/1/2014,4,10.4
1/2/2014,3.9,10.6
1/3/2014,4,9.5
1/4/2014,3.8,9.3
1/5/2014,3.4,9.2
1/6/2014,3.8,8.4
1/7/2014,3.8,6.8
1/8/2014,3.4,6.7
1/9/2014,3.7,6.5
1/10/2014,4.1,7.3
1/11/2014,4.8,8.5
1/12/2014,3.8,8.9
1/13/2014,4.9,9.6
1/14/2014,5.4,9.9
1/15/2014,4.2,9.9
1/16/2014,3.5,9.9
1/17/2014,3.6,10
1/18/2014,3.6,10
1/19/2014,3.4,10.2
1/20/2014,3.4,10.5
1/21/2014,4.3,10.9
1/22/2014,3.4,10.5
1/23/2014,4.1,10
1/24/2014,5.4,9.2
1/25/2014,4.6,8.6
1/26/2014,4,8.8
1/27/2014,7.3,9.6
1/28/2014,8.7,9.1
1/29/2014,7.8,7.2
1/30/2014,8.6,6.4
1/31/2014,8.4,6.9
2/1/2014,8.2,7.8
2/2/2014,8.3,8.4
2/3/2014,7.1,9.5
2/4/2014,8.2,9.7
2/5/2014,6.9,10.3
2/6/2014,4.9,9.3
2/7/2014,5,8.7
2/8/2014,5.2,8.9
2/9/2014,4.7,9.4
2/10/2014,4.5,10.2
2/11/2014,5.3,10.6
2/12/2014,5.7,9.7
2/13/2014,3.4,9
2/14/2014,3.1,9.3
2/15/2014,3,9.9
2/16/2014,2.8,10.4
2/17/2014,2.4,11.2
2/18/2014,2.3,12
2/19/2014,2.8,13
2/20/2014,4.1,14.7
2/21/2014,4.4,14.8
2/22/2014,4.2,14.7
2/23/2014,4.1,15
2/24/2014,3.6,15.3
2/25/2014,3,16
2/26/2014,2.7,15.7
2/27/2014,2.7,14.4
2/28/2014,2.7,13.9
3/1/2014,2.3,14.5
3/2/2014,2.7,15.6
3/3/2014,2.9,15.3
3/4/2014,2.4,13.8
3/5/2014,1.9,12.5
3/6/2014,1.9,12.5
3/7/2014,2.6,12.3
3/8/2014,2.6,12.4
3/9/2014,2.5,13.2
3/10/2014,2.5,14.1
3/11/2014,2.1,14.9
3/12/2014,2,15.2
3/13/2014,2.8,15
3/14/2014,2.8,15.3
3/15/2014,2.1,16.1
3/16/2014,2.5,17
3/17/2014,2.2,16.5
3/18/2014,2.3,15.5
3/19/2014,2,15.9
3/20/2014,2.2,16.3
3/21/2014,2.2,17
3/22/2014,2,17.7
3/23/2014,2,18.4
3/24/2014,1.9,18.6
3/25/2014,2.1,17.6
3/26/2014,2.2,16.6
3/27/2014,2.1,15.5
3/28/2014,4.5,15.8
3/29/2014,4.5,16.4
3/30/2014,4.5,16.4
3/31/2014,4.5,16.9
4/1/2014,4.5,17.5
4/2/2014,4.5,18.4
4/3/2014,4.5,19.4
4/4/2014,4.5,20.1
4/5/2014,4.5,20.2
4/6/2014,4.5,19.8
4/7/2014,4.5,20.1
4/8/2014,4.5,19.4
4/9/2014,4.5,17.9
4/10/2014,4.5,18.4
4/11/2014,4.5,19.1
4/12/2014,4.5,19.9
4/13/2014,4.5,20.6
4/14/2014,4.5,21.2
4/15/2014,4.5,20
4/16/2014,4.5,18.1
4/17/2014,0.7,17.5
4/18/2014,0.7,17.6
4/19/2014,0.7,18.1
4/20/2014,1.2,19.1
4/21/2014,1.3,19.6
4/22/2014,1.7,20.3
4/23/2014,1.7,21
4/24/2014,1.4,21.5
4/25/2014,1.4,22.4
4/26/2014,1.5,23.6
4/27/2014,0.8,23.1
4/28/2014,1,23.7
4/29/2014,1.3,24
4/30/2014,1.2,23.4
5/1/2014,1.1,22.7
5/2/2014,1,22.2
5/3/2014,1.1,22.1
5/4/2014,1.5,23
5/5/2014,1.5,23.4
5/6/2014,1.3,23.5
5/7/2014,0.9,24.3
5/8/2014,1.1,24.6
5/9/2014,1.4,24.9
5/10/2014,1.2,24.3
5/11/2014,1.1,24.6
5/12/2014,1,25.1
5/13/2014,1,25.7
5/14/2014,1.3,26.1
5/15/2014,2.1,23.9
5/16/2014,2,23.3
5/17/2014,1.9,23.5
5/18/2014,1.8,23.7
5/19/2014,1.6,24.2
5/20/2014,1.4,24.9
5/21/2014,1.4,25.4
5/22/2014,1.5,25.8
5/23/2014,1.8,26.9
5/24/2014,1.9,27.6
5/25/2014,1.8,27.4
5/26/2014,1.8,27.8
5/27/2014,2.4,27.7
5/28/2014,3.4,27.1
5/29/2014,3.8,26.3
5/30/2014,4.7,25.8
5/31/2014,4.6,25.4
6/1/2014,3.8,25.2
6/2/2014,2.9,25.6
6/3/2014,2.6,25.6
6/4/2014,2.2,26.1
6/5/2014,2,27.2
6/6/2014,1.8,28.1
6/7/2014,1.7,28.6
6/8/2014,1.8,29.3
6/9/2014,1.7,29.4
6/10/2014,1.6,28.9
6/11/2014,1.6,28.1
6/12/2014,1.7,28.4
6/13/2014,1.7,28.3
6/14/2014,1.7,27.8
6/15/2014,1.6,28
6/16/2014,1.5,28.1
6/17/2014,1.5,28.6
6/18/2014,1.6,29.3
6/19/2014,1.5,29.8
6/20/2014,1.7,30
6/21/2014,1.8,30.8
6/22/2014,1.8,31.1
6/23/2014,1.9,30.1
6/24/2014,1.9,30.2
6/25/2014,1.9,29.8
6/26/2014,2,29.2
6/27/2014,2.2,28.8
6/28/2014,2.5,28.6
6/29/2014,2.3,29
6/30/2014,1.5,29.9
7/1/2014,1.3,30
7/2/2014,1.3,30.3
7/3/2014,1.3,29.9
7/4/2014,1.4,30.4
7/5/2014,1.4,30.1
7/6/2014,1.4,30.2
7/7/2014,1.4,30.4
7/8/2014,1.5,30
7/9/2014,1.5,29.7
7/10/2014,1.9,29.6
7/11/2014,2.5,30.1
7/12/2014,3.1,29.6
7/13/2014,3.9,29.7
7/14/2014,4.2,29.9
7/15/2014,2.4,29.9
7/16/2014,1.9,29.7
7/17/2014,3.4,29.3
7/18/2014,3.8,28.5
7/19/2014,2.5,28.2
7/20/2014,2,28.5
7/21/2014,1.4,28.9
7/22/2014,1.8,29.4
7/23/2014,3,28.9
7/24/2014,3.6,29.1
7/25/2014,2.8,29.9
7/26/2014,1.8,30.3
7/27/2014,1.3,30.4
7/28/2014,1,30.4
7/29/2014,2,30.2
7/30/2014,5,29.7
7/31/2014,6.7,29.1
8/1/2014,6.7,29.2
8/2/2014,7.4,28.9
8/3/2014,7.4,29.3
8/4/2014,7.6,29.3
8/5/2014,7,29.6
8/6/2014,6.5,30.6
8/7/2014,5.6,30.8
8/8/2014,6.2,31.1
8/9/2014,6.6,31.4
8/10/2014,8.6,30.8
8/11/2014,9.1,30.6
8/12/2014,8.9,30.4
8/13/2014,9.5,30.5
8/14/2014,11,30.5
8/15/2014,10,30.7
8/16/2014,9,30.8
8/17/2014,5.8,30
8/18/2014,5.3,29.6
8/19/2014,5.1,29.8
8/20/2014,6.5,30.2
8/21/2014,8.1,30.3
8/22/2014,8.2,30.9
8/23/2014,7.9,31.2
8/24/2014,9.4,31.3
8/25/2014,13,31
8/26/2014,16,30
8/27/2014,16,29.8
8/28/2014,14,29.7
8/29/2014,15,29.7
8/30/2014,15,29.1
8/31/2014,12,29
9/1/2014,13,29.3
9/2/2014,11,29.6
9/3/2014,8.2,29.6
9/4/2014,7.5,29.8
9/5/2014,7.5,30.1
9/6/2014,6.4,30.2
9/7/2014,5.4,30.1
9/8/2014,6.2,30.4
9/9/2014,4.5,25.057
9/10/2014,4.5,25.057
9/11/2014,4.5,24.98
9/12/2014,8.4,31.2
9/13/2014,7.5,30.8
9/14/2014,8.4,30
9/15/2014,8.9,29.9
9/16/2014,8.1,30.1
9/17/2014,6.7,29.7
9/18/2014,6.4,29.8
9/19/2014,8.3,29.1
9/20/2014,12,28.3
9/21/2014,13,28.2
9/22/2014,7.8,28.3
9/23/2014,8.7,27.5
9/24/2014,12,26.3
9/25/2014,12,26.1
9/26/2014,9.1,26.4
9/27/2014,9.6,26.1
9/28/2014,13,25.5
9/29/2014,12,25.7
9/30/2014,9.5,26.3
10/1/2014,9,26.7
10/2/2014,8.5,27
10/3/2014,5.6,26.8
10/4/2014,3.9,25.7
10/5/2014,4.6,24.5
10/6/2014,5.3,24.5
10/7/2014,6.5,24.8
10/8/2014,6.7,25.3
10/9/2014,7.5,26
10/10/2014,7.3,26.5
10/11/2014,7.1,27
10/12/2014,6.7,27.3
10/13/2014,9,27
10/14/2014,5.7,25.3
10/15/2014,4.1,23.9
10/16/2014,4.7,23.4
10/17/2014,5.9,23.5
10/18/2014,5.3,24.2
10/19/2014,9.1,23.4
10/20/2014,10,22.8
10/21/2014,10,23.1
10/22/2014,10,23
10/23/2014,10,22.3
10/24/2014,9.9,21.8
10/25/2014,7.6,21.6
10/26/2014,6.1,21.8
10/27/2014,7,22.3
10/28/2014,8.9,22.8
10/29/2014,9.6,23.2
10/30/2014,11,22.9
10/31/2014,9.5,22.3
11/1/2014,5.5,19.8
11/2/2014,5.5,18.6
11/3/2014,6.5,18.2
11/4/2014,9.1,18.1
11/5/2014,10,18.6
11/6/2014,9.8,19.2
11/7/2014,9,18.7
11/8/2014,9.6,18.1
11/9/2014,9.1,17.9
11/10/2014,8.3,18
11/11/2014,8.6,18.3
11/12/2014,8.9,18.3
11/13/2014,7.5,16.7
11/14/2014,6.6,14.7
11/15/2014,8.9,13.5
11/16/2014,10,13.2
11/17/2014,9.6,13.5
11/18/2014,5.9,11.8
11/19/2014,6.5,11.7
11/20/2014,6.9,12.1
11/21/2014,7.7,12.6
11/22/2014,12,13.1
11/23/2014,16,13.9
11/24/2014,13,14.8
11/25/2014,11,14.5
11/26/2014,7.4,13.5
11/27/2014,5.1,13.3
11/28/2014,6,12.9
11/29/2014,8.2,13.2
11/30/2014,9.1,14.1
12/1/2014,11,14.7
12/2/2014,11,15.3
12/3/2014,12,15.8
12/4/2014,13,16.5
12/5/2014,13,17.1
12/6/2014,12,17.7
12/7/2014,11,17.1
12/8/2014,11,16.4
12/9/2014,9.2,15.9
12/10/2014,7.2,15.1
12/11/2014,7.8,14.8
12/12/2014,8.6,14.7
12/13/2014,8.7,14.9
12/14/2014,9.7,14.7
12/15/2014,12,14.9
12/16/2014,10,15.4
12/17/2014,8.1,15.1
12/18/2014,11,14.7
12/19/2014,13,14.5
12/20/2014,14,13.9
12/21/2014,13,13.7
12/22/2014,12,14.1
12/23/2014,12,14.7
12/24/2014,9.2,14.6
12/25/2014,5.4,13.6
12/26/2014,6.1,13.5
12/27/2014,9.3,14.2
12/28/2014,6.5,14.8
12/29/2014,4.7,15.1
12/30/2014,4.8,15
12/31/2014,5.1,14
1/1/2015,6.1,13.5
1/2/2015,7.4,13.5
1/3/2015,6.9,14.4
1/4/2015,6,14.8
1/5/2015,3.9,13.8
1/6/2015,3.6,13.3
1/7/2015,3.6,13
1/8/2015,3.8,11.8
1/9/2015,3.7,10.9
1/10/2015,3.1,9.7
1/11/2015,3,8.8
1/12/2015,3.6,9.7
1/13/2015,3.6,10.6
1/14/2015,3.6,10.2
1/15/2015,3.3,9.9
1/16/2015,3.4,9.4
1/17/2015,3.4,9.6
1/18/2015,3.4,10.1
1/19/2015,3.6,10.5
1/20/2015,3.9,11
1/21/2015,4.5,11.6
1/22/2015,7.3,11.7
1/23/2015,10,11.5
1/24/2015,4.2,10.8
1/25/2015,3.2,10.8
1/26/2015,3,10.9
1/27/2015,2.9,11.1
1/28/2015,2.8,11.7
1/29/2015,3.3,12
1/30/2015,3.8,12.3
1/31/2015,5,12.2
2/1/2015,6.4,12.7
2/2/2015,5,12.9
2/3/2015,4.9,11.9
2/4/2015,4.7,11.6
2/5/2015,4.4,11.6
2/6/2015,3.7,11.5
2/7/2015,3.2,11.4
2/8/2015,3.2,12.3
2/9/2015,3.2,13.1
2/10/2015,3.2,13.4
2/11/2015,3.1,13.6
2/12/2015,3.3,13.5
2/13/2015,3.3,12.8
2/14/2015,3.2,12.6
2/15/2015,3.3,13.2
2/16/2015,5.3,13.7
2/17/2015,5.6,12.7
2/18/2015,5.3,11.7
2/19/2015,3.4,11.1
2/20/2015,5.2,10.9
2/21/2015,8.9,11.5
2/22/2015,8.6,12.2
2/23/2015,5.8,12.8
2/24/2015,5.1,11.9
2/25/2015,6.3,11.6
2/26/2015,5.5,10.5
2/27/2015,4.5,9.8
2/28/2015,6.2,10.5
3/1/2015,6.9,11.2
3/2/2015,6.4,12
3/3/2015,4.5,12.8
3/4/2015,3.9,14.1
3/5/2015,3.5,13.9
3/6/2015,3,11.1
3/7/2015,2.8,11.1
3/8/2015,3,11.8
3/9/2015,2.4,12.7
3/10/2015,2.4,13.5
3/11/2015,2.3,13.9
3/12/2015,2.5,14.6
3/13/2015,2.9,15.4
3/14/2015,2.8,15.9
3/15/2015,2.8,16.2
3/16/2015,2.6,16.8
3/17/2015,2.5,17.8
3/18/2015,2.5,18.6
3/19/2015,2.1,19.6
3/20/2015,2.1,20.6
3/21/2015,2.1,21.5
3/22/2015,1.8,21.5
3/23/2015,2.1,21.6
3/24/2015,3.1,20.9
3/25/2015,4.7,21
3/26/2015,4.1,20.8
3/27/2015,2.6,20.2
3/28/2015,2.3,19.5
3/29/2015,2.3,19.2
3/30/2015,2.3,19.8
3/31/2015,2.3,20.8
4/1/2015,2.2,21
4/2/2015,2.2,22.2
4/3/2015,2.2,22.7
4/4/2015,2.2,23
4/5/2015,3.3,21.8
4/6/2015,4,21.4
4/7/2015,3.6,22.1
4/8/2015,3,23.1
4/9/2015,3.1,23.5
4/10/2015,2.8,24
4/11/2015,2.5,24.2
4/12/2015,2.6,24
4/13/2015,2.7,23.7
4/14/2015,2.6,23.3
4/15/2015,2.1,23.2
4/16/2015,2,23.6
4/17/2015,1.7,23.5
4/18/2015,1.8,24.1
4/19/2015,1.9,24
4/20/2015,2,24.3
4/21/2015,1.8,23.7
4/22/2015,1.7,23.5
4/23/2015,1.6,23.7
4/24/2015,1.5,23.8
4/25/2015,1.5,23.9
4/26/2015,1.9,23.8
4/27/2015,1.4,23.7
4/28/2015,1.5,22.7
4/29/2015,1.8,22.3
4/30/2015,1.9,22
5/1/2015,1.8,22.5
5/2/2015,1.4,22.4
5/3/2015,1.3,22.9
5/4/2015,1.2,23.1
5/5/2015,1.4,23.7
5/6/2015,1.9,23.9
5/7/2015,1.9,24.3
5/8/2015,1.7,25.1
5/9/2015,1.7,25.4
5/10/2015,1.7,25.7
5/11/2015,1.7,25.8
5/12/2015,1.7,26.3
5/13/2015,1.7,26.6
5/14/2015,1.7,26.6
5/15/2015,1.6,26.7
5/16/2015,1.7,26.7
5/17/2015,1.9,27
5/18/2015,1.8,27.1
5/19/2015,1.7,27.2
5/20/2015,1.6,27.7
5/21/2015,1.6,28.4
5/22/2015,1.5,27.6
5/23/2015,1.4,27.4
5/24/2015,1.2,27.4
5/25/2015,1.4,27.4
5/26/2015,1.3,26.3
5/27/2015,1.5,26.6
5/28/2015,1.6,27
5/29/2015,1.6,27.5
5/30/2015,1.6,27.7
5/31/2015,1.6,27.9
6/1/2015,1.7,27.7
6/2/2015,1.6,28.1
6/3/2015,1.5,28.4
6/4/2015,1.4,28.6
6/5/2015,1.5,28.9
6/6/2015,1.6,29.5
6/7/2015,1.5,29.5
6/8/2015,1.6,29.6
6/9/2015,1.7,29.7
6/10/2015,1.6,29.3
6/11/2015,1.5,29.4
6/12/2015,1.1,28.9
6/13/2015,1.4,28.6
6/14/2015,1.7,28.8
6/15/2015,2.5,28.8
6/16/2015,2.6,28.7
6/17/2015,2,29.1
6/18/2015,1.7,29.5
6/19/2015,1.4,29.4
6/20/2015,1.4,29.7
6/21/2015,1.4,30.1
6/22/2015,1.4,30.3
6/23/2015,1.4,30.4
6/24/2015,1.4,30.5
6/25/2015,1.3,30.2
6/26/2015,1.4,29.4
6/27/2015,1.6,29.5
6/28/2015,1.6,29.1
6/29/2015,2,28.8
6/30/2015,2.5,29.1
7/1/2015,3.7,28.8
7/2/2015,5.1,28.5
7/3/2015,6,29
7/4/2015,6.2,29.1
7/5/2015,6.6,29
7/6/2015,6.7,28.8
7/7/2015,5.9,29.1
7/8/2015,5.3,29.6
7/9/2015,4.8,30.4
7/10/2015,4.9,30.5
7/11/2015,4.7,31.1
7/12/2015,3.2,31.3
7/13/2015,3.2,31.4
7/14/2015,3.2,31.4
7/15/2015,2.6,31.3
7/16/2015,2.3,31.2
7/17/2015,2.5,31.1
7/18/2015,4.3,31.6
7/19/2015,5.9,31.8
7/20/2015,8,31.5
7/21/2015,5.7,31
7/22/2015,4.9,31.1
7/23/2015,4.2,31.2
7/24/2015,2.2,31.1
7/25/2015,4.5,25.379
7/26/2015,4.5,25.198
7/27/2015,4.5,25.19
7/28/2015,12,31.4
7/29/2015,10,31.7
7/30/2015,11,31.2
7/31/2015,11,30.8
8/1/2015,15,30.4
8/2/2015,14,30.5
8/3/2015,12,30.5
8/4/2015,9.5,30.6
8/5/2015,7.2,30.8
8/6/2015,5.6,31.4
8/7/2015,5.7,31.6
8/8/2015,5.6,31.8
8/9/2015,8.7,30.9
8/10/2015,12,31.3
8/11/2015,14,31.3
8/12/2015,13,31.5
8/13/2015,14,31.2
8/14/2015,15,30.9
8/15/2015,16,30.7
8/16/2015,21,29.8
8/17/2015,14,29.1
8/18/2015,6.8,29.4
8/19/2015,6.9,29.4
8/20/2015,7.8,29.4
8/21/2015,8.6,29.8
8/22/2015,8.5,30
8/23/2015,7.7,30.7
8/24/2015,7.4,31
8/25/2015,9.5,30.5
8/26/2015,11,29.4
8/27/2015,12,28.7
8/28/2015,12,28.5
8/29/2015,13,28.3
8/30/2015,12,28.6
8/31/2015,11,28.8
9/1/2015,10,28.9
9/2/2015,11,29.4
9/3/2015,11,29.4
9/4/2015,11,29.7
9/5/2015,8.9,30.2
9/6/2015,10,30.1
9/7/2015,14,29.6
9/8/2015,13,30
9/9/2015,12,30.2
9/10/2015,9.4,29.5
9/11/2015,8,28.8
9/12/2015,7.7,28
9/13/2015,9.5,27.2
9/14/2015,12,26.1
9/15/2015,14,25.9
9/16/2015,13,26.3
9/17/2015,14,26.9
9/18/2015,13,27.5
9/19/2015,11,28.2
9/20/2015,7.9,28.7
9/21/2015,9.2,28.4
9/22/2015,13,27.3
9/23/2015,14,27.1
9/24/2015,15,27.2
9/25/2015,15,27.3
9/26/2015,14,27.3
9/27/2015,16,26.7
9/28/2015,19,26
9/29/2015,19,26.4
9/30/2015,13,27
10/1/2015,10,26.6
10/2/2015,8,25.1
10/3/2015,7.2,23.4
10/4/2015,7.7,22
10/5/2015,7.9,21.6
10/6/2015,8.8,22.2
10/7/2015,9.6,23.1
10/8/2015,11,23.8
10/9/2015,13,24.4
10/10/2015,11,24.5
10/11/2015,13,24.4
10/12/2015,11,24
10/13/2015,10,24.1
10/14/2015,12,24.2
10/15/2015,12,24.5
10/16/2015,12,24.7
10/17/2015,14,23.9
10/18/2015,15,22.3
10/19/2015,16,20.8
10/20/2015,20,20.4
10/21/2015,20,20.9
10/22/2015,19,21.5
10/23/2015,18,22.2
10/24/2015,18,22.8
10/25/2015,20,23
10/26/2015,22,22.9
10/27/2015,13,22.8
10/28/2015,8.3,22.7
10/29/2015,7.8,23.1
10/30/2015,8.1,23.2
10/31/2015,10,23
11/1/2015,8.5,22.7
11/2/2015,8,22.5
11/3/2015,7.4,22.6
11/4/2015,7.2,22.9
11/5/2015,6.5,23.3
11/6/2015,6.3,23.9
11/7/2015,6.2,24.1
11/8/2015,6,23.2
11/9/2015,6.2,21.5
11/10/2015,6.5,21
11/11/2015,6.6,21
11/12/2015,6.5,21
11/13/2015,6.6,20.4
11/14/2015,5.5,18.9
11/15/2015,5.8,17.8
11/16/2015,6.2,17.9
11/17/2015,7.5,18.6
11/18/2015,8.1,19.1
11/19/2015,6.8,19.1
11/20/2015,6.3,19.1
11/21/2015,6.3,18.4
11/22/2015,5.7,17
11/23/2015,5.4,15.7
11/24/2015,5.1,15.1
11/25/2015,4.8,14.8
11/26/2015,5.9,15.5
11/27/2015,5.8,16.4
11/28/2015,5.6,17.2
11/29/2015,5.4,17.8
11/30/2015,5,18.4
12/1/2015,4.9,18.8
12/2/2015,5.1,18.5
12/3/2015,5.4,17.3
12/4/2015,5.3,15.9
12/5/2015,5.2,15.6
12/6/2015,5.2,15.6
12/7/2015,5.2,15.5
12/8/2015,5.1,15.6
12/9/2015,4.9,15.9
12/10/2015,4.9,16.4
12/11/2015,4.8,17
12/12/2015,5,17.8
12/13/2015,6.5,18.5
12/14/2015,7.2,18.7
12/15/2015,6.2,18.8
12/16/2015,7,18.8
12/17/2015,6.2,18.9
12/18/2015,5.1,17.2
12/19/2015,4.9,16.4
12/20/2015,5,15.2
12/21/2015,5.2,15.1
12/22/2015,5.3,15.5
12/23/2015,6,16.3
12/24/2015,5.5,17
12/25/2015,5.1,17.8
12/26/2015,4.9,18.6
12/27/2015,4.5,19.4
12/28/2015,4.2,19.7
12/29/2015,4.5,18.6
12/30/2015,4.1,18.2
12/31/2015,4.3,17.3
1/1/2016,4.2,15.7
1/2/2016,4.1,14
1/3/2016,3.9,13.3
1/4/2016,3.8,12.6
1/5/2016,3,11.9
1/6/2016,3,11.4
1/7/2016,3.1,11.6
1/8/2016,3.5,12.1
1/9/2016,3.6,12.7
1/10/2016,3.7,12.4
1/11/2016,3.6,11.8
1/12/2016,3.4,11.6
1/13/2016,3,11.8
1/14/2016,3,11.8
1/15/2016,2.8,12.4
1/16/2016,3,12.8
1/17/2016,3.4,12.6
1/18/2016,3.4,12
1/19/2016,3.4,11.6
1/20/2016,3.3,12
1/21/2016,2.4,12.5
1/22/2016,2.1,11.6
1/23/2016,2.6,10.2
1/24/2016,2.6,10.1
1/25/2016,2.7,10.2
1/26/2016,2.6,10.9
1/27/2016,1.9,10.7
1/28/2016,1.1,10.2
1/29/2016,0.8,10.2
1/30/2016,0.8,10.3
1/31/2016,0.8,11.2
2/1/2016,0.7,12.5
2/2/2016,1.1,13.6
2/3/2016,1.3,14.6
2/4/2016,0.9,13.7
2/5/2016,0.6,12.2
2/6/2016,0.6,11.9
2/7/2016,0.6,11.7
2/8/2016,0.8,11.6
2/9/2016,0.8,10.5
2/10/2016,0.6,10.2
2/11/2016,0.5,10.4
2/12/2016,0.5,12.1
2/13/2016,0.8,12.3
2/14/2016,2.4,12.8
2/15/2016,4.6,13.5
2/16/2016,3.6,13.8
2/17/2016,2.4,14.1
2/18/2016,2,14.3
2/19/2016,2.2,14.8
2/20/2016,2,15.6
2/21/2016,1.9,16.3
2/22/2016,1.8,16.7
2/23/2016,1.6,16.8
2/24/2016,1.1,16
2/25/2016,0.8,14.8
2/26/2016,0.8,14.8
2/27/2016,0.7,14.4
2/28/2016,0.6,14.4
2/29/2016,0.5,15.3
3/1/2016,0.4,15.8
3/2/2016,0.5,16.3
3/3/2016,0.6,16.4
3/4/2016,0.7,16.4
3/5/2016,0.6,16.8
3/6/2016,0.7,17.1
3/7/2016,1.1,17.9
3/8/2016,4.3,18.4
3/9/2016,8.5,19.3
3/10/2016,9.8,20.3
3/11/2016,8.3,20.5
3/12/2016,4.4,20
3/13/2016,2.2,19.9
3/14/2016,2.3,20.7
3/15/2016,2.2,21.1
3/16/2016,1.6,21.5
3/17/2016,1.4,21.9
3/18/2016,0.6,21.3
3/19/2016,0.5,20.6
3/20/2016,1.2,19.1
3/21/2016,1.1,17.5
3/22/2016,1.2,17.2
3/23/2016,0.7,17.4
3/24/2016,0.3,18
3/25/2016,0.5,18.3
3/26/2016,0.4,18.6
3/27/2016,0.2,19.1
3/28/2016,0.5,19.6
3/29/2016,0.7,20.2
3/30/2016,0.4,19.9
3/31/2016,0.3,20.4
4/1/2016,0.7,20.9
4/2/2016,1,19.6
4/3/2016,1.1,18.9
4/4/2016,0.9,19.2
4/5/2016,0.8,19.7
4/6/2016,0.7,20.4
4/7/2016,0.7,20.4
4/8/2016,0.7,20.5
4/9/2016,0.6,20.2
4/10/2016,0.8,20.5
4/11/2016,1.4,21
4/12/2016,2,21.1
4/13/2016,2.3,20.8
4/14/2016,1.9,20.7
4/15/2016,3.6,20.6
4/16/2016,5.1,20.1
4/17/2016,6.6,20
4/18/2016,5.7,20.3
4/19/2016,3.4,21.3
4/20/2016,2.1,21.7
4/21/2016,2.1,22.5
4/22/2016,1.8,23.1
4/23/2016,1.5,23.2
4/24/2016,1.4,23.2
4/25/2016,1.3,23.6
4/26/2016,1.2,24
4/27/2016,1,24.2
4/28/2016,1,23.8
4/29/2016,0.9,23.7
4/30/2016,1,24.1
5/1/2016,1,23.6
5/2/2016,1.1,23.3
5/3/2016,1,23.6
5/4/2016,0.9,23.1
5/5/2016,0.9,22.8
5/6/2016,0.9,22.6
5/7/2016,0.9,22.7
5/8/2016,0.9,23.1
5/9/2016,0.9,23.2
5/10/2016,1,23.6
5/11/2016,1,24.2
5/12/2016,1,24.8
5/13/2016,1,25.7
5/14/2016,0.9,26.1
5/15/2016,0.9,26
5/16/2016,1.1,25.6
5/17/2016,1.4,24.9
5/18/2016,1,25.2
5/19/2016,1,25.5
5/20/2016,1,25.9
5/21/2016,0.9,26.2
5/22/2016,0.9,26.8
5/23/2016,0.9,26.5
5/24/2016,0.9,26.6
5/25/2016,0.9,26.7
5/26/2016,0.9,26.9
5/27/2016,1,26.9
5/28/2016,1,26.9
5/29/2016,1,27
5/30/2016,1,28
5/31/2016,1,28.4
6/1/2016,1,28.3
6/2/2016,1,28.5
6/3/2016,1.3,28.5
6/4/2016,1.5,28.3
6/5/2016,1.6,28.1
6/6/2016,1.9,28.2
6/7/2016,2.1,28.6
6/8/2016,1.9,28.9
6/9/2016,1.5,29.2
6/10/2016,1.1,29.2
6/11/2016,0.9,29.1
6/12/2016,0.9,29.3
6/13/2016,0.9,29.1
6/14/2016,0.9,29.1
6/15/2016,0.8,29
6/16/2016,0.8,29.6
6/17/2016,0.8,30.3
6/18/2016,1.1,29.8
6/19/2016,3.6,29
6/20/2016,8,28.4
6/21/2016,6.8,28.7
6/22/2016,5.7,29.4
6/23/2016,5.1,29.6
6/24/2016,4.3,29.8
6/25/2016,3.4,30.2
6/26/2016,3,30.5
6/27/2016,2.9,30.3
6/28/2016,3.5,30.6
6/29/2016,4.3,30.5
6/30/2016,4.7,30.3
7/1/2016,4.8,30.8
7/2/2016,3.6,31.3
7/3/2016,3.4,31.4
7/4/2016,2.7,31.1
7/5/2016,2.3,31
7/6/2016,2.3,31
7/7/2016,2.7,31
7/8/2016,2.9,31.2
7/9/2016,2.7,31.1
7/10/2016,2.5,31.1
7/11/2016,4.1,31.6
7/12/2016,5.9,31.4
7/13/2016,6.8,31.2
7/14/2016,6.4,31.1
7/15/2016,6.7,30.3
7/16/2016,7.1,30.1
7/17/2016,8.4,30.3
7/18/2016,9.2,30.5
7/19/2016,10,30.6
7/20/2016,8.9,31
7/21/2016,8.1,31.5
7/22/2016,7.8,31.2
7/23/2016,7.6,31.2
7/24/2016,7.3,31
7/25/2016,9.6,30.9
7/26/2016,11,30.6
7/27/2016,5.6,29.4
7/28/2016,4.9,29.7
7/29/2016,6.1,30.2
7/30/2016,5.9,30.7
7/31/2016,5.9,31
8/1/2016,6.7,31.2
8/2/2016,7.2,31.6
8/3/2016,7.6,31.3
8/4/2016,6.4,31.3
8/5/2016,7.8,31.4
8/6/2016,5.3,31.4
8/7/2016,4.2,31.4
8/8/2016,2.5,31.1
8/9/2016,4.4,31
8/10/2016,5.1,30.7
8/11/2016,1.9,29.6
8/12/2016,1.1,28.3
8/13/2016,1.4,27.5
8/14/2016,2.3,27.6
8/15/2016,2.4,28.3
8/16/2016,1.6,28.7
8/17/2016,1.1,28.8
8/18/2016,1,29.3
8/19/2016,0.9,29.5
8/20/2016,0.8,29.6
8/21/2016,0.8,29.9
8/22/2016,0.8,30.3
8/23/2016,0.7,30.9
8/24/2016,0.7,31.3
8/25/2016,0.9,30.9
8/26/2016,1.4,30.5
8/27/2016,1.9,30.2
8/28/2016,2.4,29.7
8/29/2016,2.3,29.2
8/30/2016,2.5,29.6
8/31/2016,2.7,29.8
9/1/2016,3.2,29.9
9/2/2016,3.6,30
9/3/2016,2.1,30.2
9/4/2016,1.2,30.2
9/5/2016,0.8,29.9
9/6/2016,0.8,29.9
9/7/2016,1.5,29.9
9/8/2016,1.3,30.3
9/9/2016,1.4,30.2
9/10/2016,1.5,30.3
9/11/2016,1.1,30.1
9/12/2016,1.3,29.7
9/13/2016,2.3,29.2
9/14/2016,2.3,29.2
9/15/2016,2.2,29.2
9/16/2016,1.7,29.2
9/17/2016,1.1,28.6
9/18/2016,0.9,28.7
9/19/2016,4.5,25.074
9/20/2016,4.5,25.108
9/21/2016,4.5,25.106
9/22/2016,1.2,29.9
9/23/2016,1.2,30.3
9/24/2016,1.1,30.6
9/25/2016,1.1,30.7
9/26/2016,1.3,30.5
9/27/2016,1.7,30.3
9/28/2016,1.9,29.9
9/29/2016,1.1,29
9/30/2016,1.1,28
10/1/2016,1.2,27.5
10/2/2016,1.2,27.3
10/3/2016,1.5,27.2
10/4/2016,2,26.8
10/5/2016,3.2,27
10/6/2016,5.3,26.9
10/7/2016,4.6,27.2
10/8/2016,2,26.5
10/9/2016,1.8,25.5
10/10/2016,3.2,24.6
10/11/2016,5.2,24.4
10/12/2016,5.6,24.5
10/13/2016,4.1,24.6
10/14/2016,3.1,25
10/15/2016,4.5,25.3
10/16/2016,7.1,25.6
10/17/2016,8.1,25.9
10/18/2016,8.3,26
10/19/2016,7.4,26.4
10/20/2016,7.5,26.5
10/21/2016,4.5,25.4
10/22/2016,3.3,23.6
10/23/2016,3.4,22.9
10/24/2016,2.3,22.4
10/25/2016,2.8,22.3
10/26/2016,4.5,22.3
10/27/2016,6.2,22.7
10/28/2016,7.7,22.9
10/29/2016,7.6,22.9
10/30/2016,6.8,23.3
10/31/2016,5.6,23.6
11/1/2016,6.8,23.7
11/2/2016,9.5,24.2
11/3/2016,9.4,24.4
11/4/2016,6.9,24.7
11/5/2016,7.5,24.1
11/6/2016,9.7,23.1
11/7/2016,10,22.4
11/8/2016,13,21.9
11/9/2016,15,21.5
11/10/2016,8.1,20.9
11/11/2016,3.7,20
11/12/2016,2.2,19.2
11/13/2016,3.1,18.6
11/14/2016,4,18.5
11/15/2016,4.1,18.8
11/16/2016,3.6,19.1
11/17/2016,4.3,19.5
11/18/2016,5.3,19.9
11/19/2016,4.1,19.6
11/20/2016,3.2,18.2
11/21/2016,2.8,17.5
11/22/2016,2.6,17.4
11/23/2016,4.2,17.3
11/24/2016,3.8,17.9
11/25/2016,2.9,18.3
11/26/2016,4,17.9
11/27/2016,4.9,17.2
11/28/2016,6.5,17.3
11/29/2016,7.1,18.2
11/30/2016,8,18.8
12/1/2016,4.7,18.1
12/2/2016,6.5,17.2
12/3/2016,9.6,16.1
12/4/2016,13,16
12/5/2016,7.5,16.2
12/6/2016,5,15.9
12/7/2016,2.8,15.7
12/8/2016,2.6,15.4
12/9/2016,1.9,13.6
12/10/2016,1.9,12.6
12/11/2016,2.4,12.3
12/12/2016,3.2,12.9
12/13/2016,3.4,13.8
12/14/2016,3.7,14.5
12/15/2016,3.3,14.3
12/16/2016,4.8,13.8
12/17/2016,5.8,14.5
12/18/2016,4.5,19.986
12/19/2016,4.5,21.147
12/20/2016,2.4,11.6
12/21/2016,2.1,11.3
12/22/2016,4.5,20.495
12/23/2016,2.2,12
12/24/2016,2.8,12.7
12/25/2016,5.4,14.2
12/26/2016,7,15
12/27/2016,6.7,15.8
12/28/2016,5.3,16.3
12/29/2016,4.7,16.6
12/30/2016,2.4,15.4
12/31/2016,4.5,15
1/1/2017,5.2,15.7
1/2/2017,6.3,16.3
1/3/2017,2.5,16.3
1/4/2017,1.7,16
1/5/2017,1.3,15.8
1/6/2017,1.2,14.7
1/7/2017,4.5,21.154
1/8/2017,4.5,9.3
1/9/2017,1.1,9.4
1/10/2017,4.5,20.589
1/11/2017,1.4,10.6
1/12/2017,1.7,11.5
1/13/2017,4.5,20.124
1/14/2017,4.5,20.797
1/15/2017,4.5,20.128
1/16/2017,1.3,14.7
1/17/2017,1.3,15.4
1/18/2017,1.3,16
1/19/2017,1.3,16.6
1/20/2017,1.3,17
1/21/2017,2.1,17.6
1/22/2017,2.2,17.8
1/23/2017,1,15.9
1/24/2017,1,16
1/25/2017,1.1,16.7
1/26/2017,1.1,16.6
1/27/2017,1,15.2
1/28/2017,1,13.8
1/29/2017,1,13
1/30/2017,0.8,12.9
1/31/2017,0.7,13.5
2/1/2017,0.7,14.1
2/2/2017,1.2,14.7
2/3/2017,1.4,15.2
2/4/2017,2.5,14.8
2/5/2017,2.7,14.8
2/6/2017,2,15.3
2/7/2017,2.8,15.9
2/8/2017,2.2,16.4
2/9/2017,2.2,16.8
2/10/2017,4.8,16.6
2/11/2017,4.2,17.2
2/12/2017,3.3,17.9
2/13/2017,1.9,18.4
2/14/2017,2.3,18.8
2/15/2017,2.1,18.1
2/16/2017,1.2,17
2/17/2017,1.4,16.5
2/18/2017,3,16.7
2/19/2017,4.1,17.2
2/20/2017,5,18.1
2/21/2017,4.5,18.5
2/22/2017,4.5,20.898
2/23/2017,4.5,21.133
2/24/2017,4.5,21.08
2/25/2017,4.5,21.254
2/26/2017,4.5,21.16
2/27/2017,4.5,18.8
2/28/2017,5.8,19.7
3/1/2017,4.5,20.3
3/2/2017,4.5,21.22
3/3/2017,4.5,21.18
3/4/2017,4.5,21.034
3/5/2017,5,17.6
3/6/2017,6.7,17.9
3/7/2017,8.1,18.7
3/8/2017,5.6,19
3/9/2017,3.5,19.5
3/10/2017,2.7,20.2
3/11/2017,2.9,20.4
3/12/2017,3.5,19.8
3/13/2017,4,18.7
3/14/2017,2.5,17.4
3/15/2017,4.5,21.164
3/16/2017,4.5,21.176
3/17/2017,2,16.6
3/18/2017,1.9,17.3
3/19/2017,1.8,18.5
3/20/2017,1.8,19.2
3/21/2017,1.7,20.2
3/22/2017,1.6,21
3/23/2017,3.9,21.6
3/24/2017,9.5,21.5
3/25/2017,12,21.6
3/26/2017,5.6,21.6
3/27/2017,6,22.6
3/28/2017,4,23.3
3/29/2017,4.9,23.6
3/30/2017,5.2,23.4
3/31/2017,3.2,22.7
4/1/2017,3.1,22.9
4/2/2017,4.6,23.1
4/3/2017,6.6,23.4
4/4/2017,3.3,23.6
4/5/2017,3.3,24.3
4/6/2017,1.7,22.5
4/7/2017,1.7,21.6
4/8/2017,1.5,21.4
4/9/2017,1.4,21
4/10/2017,1.5,21
4/11/2017,1.5,21.3
4/12/2017,1.5,21.8
4/13/2017,1.5,22.8
4/14/2017,1.6,23
4/15/2017,2.3,23.2
4/16/2017,2.4,23.2
4/17/2017,2.2,23.3
4/18/2017,1.9,23.6
4/19/2017,1.7,23.8
4/20/2017,1.5,24
4/21/2017,1.6,24.5
4/22/2017,1.7,24.9
4/23/2017,1.5,24.7
4/24/2017,1.2,22.7
4/25/2017,1.4,23.4
4/26/2017,1.9,23.4
4/27/2017,2.5,23.9
4/28/2017,3.2,24.5
4/29/2017,4.9,25.1
4/30/2017,7.7,24.9
5/1/2017,4.8,24
5/2/2017,3.2,24.4
5/3/2017,3.3,24
5/4/2017,3.9,22.5
5/5/2017,2.2,21.2
5/6/2017,2.2,21.4
5/7/2017,1.9,22.2
5/8/2017,1.8,22.5
5/9/2017,1.7,23.2
5/10/2017,1.7,24
5/11/2017,1.6,24.4
5/12/2017,1.8,24.9
5/13/2017,1.7,24.6
5/14/2017,2.2,24.7
5/15/2017,2.3,25.5
5/16/2017,2.7,26.1
5/17/2017,3.6,26.7
5/18/2017,4.3,26.9
5/19/2017,5.8,27.4
5/20/2017,7.1,27.8
5/21/2017,6.3,27.1
5/22/2017,3.5,25.9
5/23/2017,2.1,26
5/24/2017,1.6,25.6
5/25/2017,1.7,24.8
5/26/2017,1.7,25.1
5/27/2017,1.6,25.8
5/28/2017,1.5,26.4
5/29/2017,1.5,26.6
5/30/2017,1.4,26.1
5/31/2017,1.3,25.6
6/1/2017,1.4,25.7
6/2/2017,1.4,25.8
6/3/2017,1.4,26.1
6/4/2017,1.3,26.4
6/5/2017,1.3,26.8
6/6/2017,1.2,26.4
6/7/2017,1.1,26.2
6/8/2017,1.1,26.1
6/9/2017,1.1,26.1
6/10/2017,1,26.5
6/11/2017,0.9,26.8
6/12/2017,0.9,26.7
6/13/2017,1,26.9
6/14/2017,1.1,28
6/15/2017,1.2,29.1
6/16/2017,1.2,29.4
6/17/2017,1.2,29.2
6/18/2017,1.2,29.1
6/19/2017,1,29
6/20/2017,2.9,28.3
6/21/2017,6.2,26.7
6/22/2017,5.3,27
6/23/2017,2.3,27.5
6/24/2017,3,28.1
6/25/2017,2.1,28.4
6/26/2017,1.7,27.9
6/27/2017,1.5,28
6/28/2017,1.3,27.6
6/29/2017,1.5,27.4
6/30/2017,1.4,28
7/1/2017,1.1,28.8
7/2/2017,1.1,29.6
7/3/2017,1,30
7/4/2017,0.8,30
7/5/2017,0.8,30
7/6/2017,0.6,29.8
7/7/2017,0.7,30.1
7/8/2017,0.9,30
7/9/2017,0.8,29.6
7/10/2017,0.7,29.5
7/11/2017,0.7,29.5
7/12/2017,0.7,29.6
7/13/2017,0.7,29.6
7/14/2017,0.8,29.5
7/15/2017,0.8,29.6
7/16/2017,1,30
7/17/2017,0.9,30
7/18/2017,0.9,30.5
7/19/2017,0.9,30.9
7/20/2017,1,31.4
7/21/2017,1,31.3
7/22/2017,1.1,30.8
7/23/2017,1,30.5
7/24/2017,0.9,29.5
7/25/2017,0.9,29.3
7/26/2017,0.9,29.5
7/27/2017,0.8,29.7
7/28/2017,0.9,30.2
7/29/2017,0.9,30.1
7/30/2017,1.8,29.3
7/31/2017,4,28.7
8/1/2017,5.2,28.5
8/2/2017,4.9,28.7
8/3/2017,4.8,28.5
8/4/2017,3.7,28.6
8/5/2017,2.6,28.7
8/6/2017,2.6,28.8
8/7/2017,2.6,29
8/8/2017,2.7,29.1
8/9/2017,2.8,29.4
8/10/2017,2.6,29.4
8/11/2017,1.8,29.8
8/12/2017,1.4,29.8
8/13/2017,1.3,30.1
8/14/2017,1.2,30.2
8/15/2017,1.3,30.1
8/16/2017,1.4,29.9
8/17/2017,1.5,30.2
8/18/2017,1.2,30.6
8/19/2017,1.8,30.5
8/20/2017,2.8,30.1
8/21/2017,3.7,30.2
8/22/2017,4.5,30
8/23/2017,4.4,30.1
8/24/2017,4.7,30
8/25/2017,5.5,29.9
8/26/2017,5.2,30
8/27/2017,5.8,29.7
8/28/2017,7.1,28.8
8/29/2017,8.1,27.6
8/30/2017,8.4,27.2
8/31/2017,3.1,27.1
9/1/2017,0.8,27.4
9/2/2017,0.9,28.1
9/3/2017,1.1,28.3
9/4/2017,1.1,28.7
9/5/2017,1.2,28.8
9/6/2017,1.3,28.5
9/7/2017,1.3,27.5
9/8/2017,1.6,26.7
9/9/2017,1.7,25.9
9/10/2017,2.2,25.5
9/11/2017,1.5,24.8
9/12/2017,0.7,24.3
9/13/2017,0.8,24.5
9/14/2017,0.9,25
9/15/2017,1.8,25.8
9/16/2017,2.6,26.5
9/17/2017,2.5,27.2
9/18/2017,2.1,28.1
9/19/2017,1.5,28.7
9/20/2017,1.2,28.6
9/21/2017,1.4,28.6
9/22/2017,1.6,28.8
9/23/2017,2.5,29.1
9/24/2017,4,28.7
9/25/2017,6.2,28.4
9/26/2017,5.9,28.4
9/27/2017,4.4,28.9
9/28/2017,3.4,29.2
9/29/2017,3.2,29.2
9/30/2017,3.7,28.7
10/1/2017,6,28.2
10/2/2017,11,26.2
10/3/2017,13,26
10/4/2017,12,25.8
10/5/2017,8.7,25.7
10/6/2017,6.1,25.7
10/7/2017,11,25.9
10/8/2017,11,26
10/9/2017,6.6,26.3
10/10/2017,3.8,26.5
10/11/2017,2.7,27.1
10/12/2017,2.7,27.6
10/13/2017,2.8,27.7
10/14/2017,3.4,27.7
10/15/2017,4.9,27.6
10/16/2017,2.6,26.7
10/17/2017,3.2,25
10/18/2017,4.3,24.1
10/19/2017,3.5,23.6
10/20/2017,3.2,23.3
10/21/2017,4.7,23.8
10/22/2017,5.3,23.9
10/23/2017,3.3,23.1
10/24/2017,2.8,22.3
10/25/2017,1.9,20.4
10/26/2017,1.8,20.4
10/27/2017,2.2,20.2
10/28/2017,2.3,19.5
10/29/2017,1.9,18.1
10/30/2017,1.8,17.3
10/31/2017,1.9,18
11/1/2017,2.8,18.8
11/2/2017,3.7,19.5
11/3/2017,3.1,20.2
11/4/2017,3.1,21
11/5/2017,3.5,21.6
11/6/2017,4,22.3
11/7/2017,3.5,22.6
11/8/2017,3.4,22.7
11/9/2017,3.8,21.7
11/10/2017,5.1,20.7
11/11/2017,6.1,19.6
11/12/2017,8.5,19.6
11/13/2017,7.7,19.6
11/14/2017,5.4,19.2
11/15/2017,4.6,19.1
11/16/2017,4.1,19.4
11/17/2017,3,19.7
11/18/2017,3.5,20.2
11/19/2017,2.4,19.1
11/20/2017,4,17.7
11/21/2017,5.3,17
11/22/2017,6.1,16.9
11/23/2017,5,16.2
11/24/2017,4.5,15.5
11/25/2017,3.4,15.4
11/26/2017,3.7,15.7
11/27/2017,4.4,15.3
11/28/2017,5.3,15.2
11/29/2017,5.6,15.7
11/30/2017,4.1,16.5
12/1/2017,4,16.6
12/2/2017,4.5,16.9
12/3/2017,5.1,16.9
12/4/2017,6.9,17.3
12/5/2017,8.1,18.1
12/6/2017,8.1,17.1
12/7/2017,7.9,15.1
12/8/2017,6.1,13.2
12/9/2017,2.2,11.4
12/10/2017,1.7,11.3
12/11/2017,1.3,11.6
12/12/2017,1.4,11.7
12/13/2017,2.7,11.5
12/14/2017,4.6,11.5
12/15/2017,7.1,11.7
12/16/2017,9.1,11.3
12/17/2017,9.2,11.7
12/18/2017,6.7,12.3
12/19/2017,5.5,12.8
12/20/2017,4.8,13.6
12/21/2017,3.6,14.1
12/22/2017,4.4,15.1
12/23/2017,4.1,15.6
12/24/2017,2.5,15.3
12/25/2017,2.1,14.5
12/26/2017,4.3,13.4
12/27/2017,5.3,12.5
12/28/2017,4.1,11.7
12/29/2017,2.8,11
12/30/2017,2.4,11.3
12/31/2017,2.7,11.4
1/1/2018,2.1,9.5
1/2/2018,2.4,7.5
1/3/2018,2.4,7.1
1/4/2018,1.9,6.6
1/5/2018,2,6.5
1/6/2018,2.4,6.5
1/7/2018,4.4,6.8
1/8/2018,10,7.9
1/9/2018,7.2,8.6
1/10/2018,6.9,9.5
1/11/2018,6.7,10.7
1/12/2018,3.7,10.2
1/13/2018,2.1,8.2
1/14/2018,2.3,7.9
1/15/2018,2.3,8
1/16/2018,2.3,8.5
1/17/2018,2.1,6.7
1/18/2018,2.2,6.3
1/19/2018,2.3,6.4
1/20/2018,3,6.6
1/21/2018,5.8,8.1
1/22/2018,6.8,9
1/23/2018,4.3,9.2
1/24/2018,3.4,9.4
1/25/2018,4,9.3
1/26/2018,6.5,9.7
1/27/2018,11,10.5
1/28/2018,11,11.2
1/29/2018,7.1,11.8
1/30/2018,4.5,11.3
1/31/2018,3.8,11.2
2/1/2018,3.9,11.8
2/2/2018,4.1,12.1
2/3/2018,4.5,11.4
2/4/2018,4.9,11.8
2/5/2018,3.8,12.4
2/6/2018,3.5,12.8
2/7/2018,2.9,13.3
2/8/2018,2.2,12.8
2/9/2018,2.3,13.2
2/10/2018,2.6,14.5
2/11/2018,2.2,14.7
2/12/2018,2.1,14.7
2/13/2018,1.4,14.4
2/14/2018,1.3,14.9
2/15/2018,1.2,15.9
2/16/2018,1.2,16.8
2/17/2018,1.2,17.5
2/18/2018,1.1,18
2/19/2018,1.5,18.6
2/20/2018,2.4,19.7
2/21/2018,2.5,20.3
2/22/2018,2.1,21.2
2/23/2018,2.1,21.6
2/24/2018,1.8,22.2
2/25/2018,1.7,22.3
2/26/2018,2,21.8
2/27/2018,2.1,21.3
2/28/2018,2.2,21.8
3/1/2018,1.6,22.4
3/2/2018,1.4,21.9
3/3/2018,1.3,21
3/4/2018,1.2,19.5
3/5/2018,1.3,19.3
3/6/2018,1.3,19.4
3/7/2018,1.3,17.8
3/8/2018,1.2,16.9
3/9/2018,0.9,16.7
3/10/2018,0.7,17.1
3/11/2018,0.7,17.4
3/12/2018,0.9,17.2
3/13/2018,1.2,16.5
3/14/2018,1.2,16.4
3/15/2018,1.1,16.3
3/16/2018,1.1,16.6
3/17/2018,1,17
3/18/2018,1.1,17.6
3/19/2018,1,18.3
3/20/2018,1,18.4
3/21/2018,1.1,17.6
3/22/2018,1.1,17.2
3/23/2018,1.1,17.6
3/24/2018,1.1,18.5
3/25/2018,1,19.4
3/26/2018,1.2,20
3/27/2018,3.3,20.5
3/28/2018,3.3,21.1
3/29/2018,2.7,21.5
3/30/2018,0.7,20.7
3/31/2018,0.7,20.4
4/1/2018,0.4,20.4
4/2/2018,0.2,20.6
4/3/2018,0.3,21.4
4/4/2018,0.2,21.8
4/5/2018,0.3,20.8
4/6/2018,0.3,20.4
4/7/2018,0.3,20.4
4/8/2018,0.3,19.2
4/9/2018,0.3,18.7
4/10/2018,0.2,18.9
4/11/2018,0.2,18.9
4/12/2018,0.3,19.5
4/13/2018,0.2,20.3
4/14/2018,0.4,20.9
4/15/2018,0.2,19.5
4/16/2018,0.2,18.1
4/17/2018,0.2,18.7
4/18/2018,0.2,19.2
4/19/2018,0.2,20
4/20/2018,0.2,19.5
4/21/2018,0.2,19.4
4/22/2018,0.4,20.1
4/23/2018,0.2,20.5
4/24/2018,0.2,20.9
4/25/2018,0.2,21
4/26/2018,0.3,21.9
4/27/2018,0.3,21.9
4/28/2018,0.2,21.2
4/29/2018,0.3,22
4/30/2018,0.8,22.2
5/1/2018,1.8,22.4
5/2/2018,2.8,23.1
5/3/2018,2.7,23.5
5/4/2018,2.4,23.8
5/5/2018,1.9,24.6
5/6/2018,1.3,24.7
5/7/2018,1.1,24.9
5/8/2018,0.9,25.6
5/9/2018,0.8,25.9
5/10/2018,0.9,26.1
5/11/2018,1,26.8
5/12/2018,1.2,27
5/13/2018,1.2,27.1
5/14/2018,1.3,27.9
5/15/2018,2,28.3
5/16/2018,3,28.5
5/17/2018,3.3,28.7
5/18/2018,2.4,28.8
5/19/2018,2.2,28.8
5/20/2018,2.9,28.9
5/21/2018,3.3,28.8
5/22/2018,3.5,28.9
5/23/2018,3.8,29.2
5/24/2018,4.4,30
5/25/2018,3.6,28.9
5/26/2018,3.6,29.1
5/27/2018,5.6,29.4
5/28/2018,6.4,29.1
5/29/2018,5.8,29.2
5/30/2018,4.3,29.6
5/31/2018,4,29.7
6/1/2018,3.5,29.8
6/2/2018,2.1,30.1
6/3/2018,1,30
6/4/2018,1.4,30.1
6/5/2018,1.9,29.7
6/6/2018,2.6,29.5
6/7/2018,2.7,29.8
6/8/2018,2.5,29.9
6/9/2018,1.8,30.5
6/10/2018,1.6,30.3
6/11/2018,2,29.7
6/12/2018,3.2,29.4
6/13/2018,4,29.4
6/14/2018,3.9,29.7
6/15/2018,4,29.9
6/16/2018,4.6,29.8
6/17/2018,5.7,29.4
6/18/2018,6,29
6/19/2018,5.7,28.9
6/20/2018,5.1,29
6/21/2018,3.2,29.7
6/22/2018,1.5,29.9
6/23/2018,1.3,30
6/24/2018,2.3,30.2
6/25/2018,3.3,30.5
6/26/2018,4.2,31
6/27/2018,5,31
6/28/2018,3.8,31
6/29/2018,3.1,31.1
6/30/2018,3.7,31.1
7/1/2018,5.1,31.1
7/2/2018,4.5,25.008
7/3/2018,4.5,24.958
7/4/2018,4.5,24.984
7/5/2018,4.5,24.994
7/6/2018,4.5,24.987
7/7/2018,4.5,25.013
7/8/2018,4.5,24.988
7/9/2018,4.5,24.996
7/10/2018,4.5,24.982
7/11/2018,4.5,24.971
7/12/2018,5.6,30.9
7/13/2018,6.6,31.3
7/14/2018,5.5,31.4
7/15/2018,3.7,31.3
7/16/2018,5.2,31
7/17/2018,5.3,30.3
7/18/2018,2.7,29.7
7/19/2018,2.8,29.6
7/20/2018,3.8,29.8
7/21/2018,2.9,30.7
7/22/2018,1.1,30.3
7/23/2018,2.7,30.8
7/24/2018,6.6,30.6
7/25/2018,8.7,30.3
7/26/2018,9.5,30.6
7/27/2018,9.6,31
7/28/2018,9.3,31.4
7/29/2018,11,31
7/30/2018,9.9,31.1
7/31/2018,8.2,30.7
8/1/2018,11,30.2
8/2/2018,12,29.8
8/3/2018,13,29.7
8/4/2018,10,29.2
8/5/2018,11,29.4
8/6/2018,12,29.9
8/7/2018,11,30.4
8/8/2018,10,30.8
8/9/2018,9.5,30.7
8/10/2018,6.6,30
8/11/2018,5.5,29.7
8/12/2018,4.7,30
8/13/2018,5.5,30.3
8/14/2018,7.5,30.9
8/15/2018,7.7,30.9
8/16/2018,8.8,31.1
8/17/2018,8.6,31
8/18/2018,7.1,30.6
8/19/2018,6.6,30
8/20/2018,6.8,29.5
8/21/2018,6.2,29.6
8/22/2018,5.8,29.8
8/23/2018,8.5,29.7
8/24/2018,10,29.9
8/25/2018,12,30
8/26/2018,12,30
8/27/2018,13,30.2
8/28/2018,13,29.7
8/29/2018,11,29.3
8/30/2018,11,29.3
8/31/2018,13,28.8
9/1/2018,16,28.1
9/2/2018,15,28.1
9/3/2018,15,28.2
9/4/2018,16,28
9/5/2018,15,28.3
9/6/2018,8.9,28.6
9/7/2018,7.7,28.8
9/8/2018,7.2,29.1
9/9/2018,6.4,29.5
9/10/2018,5.6,29.2
9/11/2018,5.4,29.1
9/12/2018,5.3,28.9
9/13/2018,5.2,29.4
9/14/2018,4.4,30.2
9/15/2018,4.1,30.6
9/16/2018,4.2,31
9/17/2018,4.7,31.1
9/18/2018,5.2,31.3
9/19/2018,5.6,31.5
9/20/2018,6.3,31.4
9/21/2018,6.8,31.1
9/22/2018,7.6,30.8
9/23/2018,7.8,30.6
9/24/2018,8.3,30.2
9/25/2018,7.5,29.8
9/26/2018,6,29.8
9/27/2018,4.9,29.5
9/28/2018,4.7,29.2
9/29/2018,5.6,28.9
9/30/2018,5.7,28.7
10/1/2018,6.4,28.4
10/2/2018,6.5,28.7
10/3/2018,6.8,28.9
10/4/2018,7,28.9
10/5/2018,7.1,28.9
10/6/2018,8,28.7
10/7/2018,9,28.6
10/8/2018,12,28.1
10/9/2018,14,27.4
10/10/2018,4.5,27.4
10/11/2018,4.5,26.9
10/12/2018,4.5,25.7
10/13/2018,4.5,25.6
10/14/2018,4.5,25.9
10/15/2018,4.5,26.1
10/16/2018,4.5,26.3
10/17/2018,4.5,26.3
10/18/2018,4.5,25.4
10/19/2018,4.5,25.3
10/20/2018,4.5,24.8
10/21/2018,4.5,24.3
10/22/2018,4.5,23.2
10/23/2018,4.5,22.6
10/24/2018,4.5,21.9
10/25/2018,6.9,21.9
10/26/2018,5.1,21.6
10/27/2018,4.2,21.2
10/28/2018,3.9,21.4
10/29/2018,3.7,22
10/30/2018,3.7,22.5
10/31/2018,4.8,22.9
11/1/2018,5.8,22.8
11/2/2018,4.3,21.2
11/3/2018,4.1,20.6
11/4/2018,5.1,20.5
11/5/2018,5.3,20.7
11/6/2018,4.9,21.4
11/7/2018,4.5,21.8
11/8/2018,4.4,22.2
11/9/2018,4.3,21.9
11/10/2018,4.1,20
11/11/2018,4,18.5
11/12/2018,4,17.8
11/13/2018,3.9,16.9
11/14/2018,3.7,14.7
11/15/2018,3.3,13.4
11/16/2018,3.1,13.1
11/17/2018,2.8,12.9
11/18/2018,2.7,13.5
11/19/2018,2.5,13.7
11/20/2018,2.6,14
11/21/2018,2.9,13.8
11/22/2018,2.7,13.7
11/23/2018,3.1,13.5
11/24/2018,5,14.4
11/25/2018,5.1,14.8
11/26/2018,3.6,14.5
11/27/2018,3.1,13.6
11/28/2018,3.1,13.3
11/29/2018,3,13.3
11/30/2018,3.1,13.8
12/1/2018,5.3,15.1
12/2/2018,5.7,16
12/3/2018,5.8,16.2
12/4/2018,4.9,15.5
12/5/2018,3.4,14.6
12/6/2018,3.6,14
12/7/2018,4.6,13.9
12/8/2018,8.3,13.9
12/9/2018,6.3,13.4
12/10/2018,3.3,12.4
12/11/2018,2.8,12
12/12/2018,2.8,11.9
12/13/2018,4.3,12
12/14/2018,6.5,12.6
12/15/2018,3.4,12.2
12/16/2018,2.8,12.1
12/17/2018,2.9,12.1
12/18/2018,2.8,12.2
12/19/2018,3.3,12.5
12/20/2018,4.2,12.6
12/21/2018,2.5,11.9
12/22/2018,2.4,11.8
12/23/2018,2.4,12.2
12/24/2018,2.6,12.3
12/25/2018,2.8,12.6
12/26/2018,3.8,13.2
12/27/2018,8.9,14.2
12/28/2018,7.6,15
12/29/2018,4.5,15
12/30/2018,3.3,14.9
12/31/2018,3,15.5
1/1/2019,2.6,15.8
1/2/2019,2.3,16
1/3/2019,2,16.2
1/4/2019,2.1,15.4
1/5/2019,2.3,14.3
1/6/2019,2,14.5
1/7/2019,1.4,14.6
1/8/2019,1.3,14.9
1/9/2019,1.4,14.7
1/10/2019,2.3,14.2
1/11/2019,1.1,13
1/12/2019,0.7,12.8
1/13/2019,1.4,12.9
1/14/2019,2.1,12.1
1/15/2019,2.3,11.2
1/16/2019,1.8,11.1
1/17/2019,1.4,11.2
1/18/2019,1,11.6
1/19/2019,1,12.3
1/20/2019,2.3,11.6
1/21/2019,1.4,10.7
1/22/2019,0.7,10.6
1/23/2019,1,11.4
1/24/2019,1.2,10.8
1/25/2019,1.3,10.9
1/26/2019,1.7,10.5
1/27/2019,1.4,10.8
1/28/2019,1.5,11
1/29/2019,1.6,11.3
1/30/2019,1.4,10.8
1/31/2019,0.9,10.1
2/1/2019,1.2,10.6
2/2/2019,1.7,11.1
2/3/2019,1.3,11.6
2/4/2019,1.2,12.2
2/5/2019,1.2,12.8
2/6/2019,1.3,13.6
2/7/2019,1.4,14.7
2/8/2019,1.6,14.8
2/9/2019,1.5,14.3
2/10/2019,1.4,13.9
2/11/2019,1.2,14
2/12/2019,1.5,14.9
2/13/2019,1.6,13.9
2/14/2019,1.6,14
2/15/2019,1.5,14.6
2/16/2019,1.6,15.1
2/17/2019,2.1,15.9
2/18/2019,2.9,16
2/19/2019,5.2,14.8
2/20/2019,5.6,15.4
2/21/2019,2.8,16.2
2/22/2019,2.1,17.1
2/23/2019,2,18.1
2/24/2019,1.6,18.1
2/25/2019,1.6,17.1
2/26/2019,1.7,16.1
2/27/2019,1.5,16.7
2/28/2019,1.5,17.7
3/1/2019,1.5,17.9
3/2/2019,1.5,18.2
3/3/2019,1.5,18.5
3/4/2019,1.6,16.5
3/5/2019,1.5,14.9
3/6/2019,1.5,13.7
3/7/2019,1.5,13.5
3/8/2019,1.5,14.1
3/9/2019,1.5,15.2
3/10/2019,1.3,15.9
3/11/2019,1,15.9
3/12/2019,0.9,15.6
3/13/2019,0.9,16.3
3/14/2019,0.8,17.5
3/15/2019,0.5,16.4
3/16/2019,0.5,15
3/17/2019,0.7,14.8
3/18/2019,0.5,14.1
3/19/2019,0.4,13.8
3/20/2019,0.7,14.6
3/21/2019,1,15.4
3/22/2019,1.2,15.9
3/23/2019,1.2,16.4
3/24/2019,1,16.8
3/25/2019,0.8,17.1
3/26/2019,0.7,17.6
3/27/2019,0.8,17.1
3/28/2019,0.9,17.6
3/29/2019,0.9,18.2
3/30/2019,0.9,19.1
3/31/2019,0.6,17.6
4/1/2019,0.5,16.7
4/2/2019,0.3,16.2
4/3/2019,0.2,16.3
4/4/2019,0.3,16.9
4/5/2019,0.3,16.9
4/6/2019,0.2,17.5
4/7/2019,0.2,18.3
4/8/2019,0.2,18.9
4/9/2019,0.3,19.6
4/10/2019,0.2,19.9
4/11/2019,0.2,20.9
4/12/2019,0.3,21.7
4/13/2019,0.3,22.6
4/14/2019,0.3,22.3
4/15/2019,0.2,20.8
4/16/2019,0.2,20.9
4/17/2019,0.2,21.7
4/18/2019,0.2,22
4/19/2019,0.2,20.9
4/20/2019,0.2,19.5
4/21/2019,0.2,19.8
4/22/2019,0.2,20
4/23/2019,0.2,20.4
4/24/2019,0.2,20.6
4/25/2019,0.2,20.5
4/26/2019,0.2,20.8
4/27/2019,0.2,21.1
4/28/2019,0.2,21.4
4/29/2019,0.2,21.8
4/30/2019,0.1,22.6
5/1/2019,0.1,23.6
5/2/2019,0.1,24.5
5/3/2019,0.2,25
5/4/2019,0.2,24.9
5/5/2019,0.2,24.4
5/6/2019,0.2,24.5
5/7/2019,0.2,25
5/8/2019,0.2,25
5/9/2019,0.1,25.3
5/10/2019,0.1,24.8
5/11/2019,0.2,25
5/12/2019,0.3,25.3
5/13/2019,0.3,25.4
5/14/2019,0.3,25.2
5/15/2019,0.3,25.5
5/16/2019,0.3,26.1
5/17/2019,0.3,26.3
5/18/2019,0.3,26.4
5/19/2019,0.3,26.4
5/20/2019,0.3,26.5
5/21/2019,0.3,26.8
5/22/2019,0.3,27.2
5/23/2019,0.2,27.1
5/24/2019,0.2,27.3
5/25/2019,0.2,27.9
5/26/2019,0.2,28.3
5/27/2019,0.2,28.4
5/28/2019,0.2,28.5
5/29/2019,0.2,28.7
5/30/2019,0.2,28.9
5/31/2019,0.2,29.2
6/1/2019,0.2,29.3
6/2/2019,0.2,29.6
6/3/2019,0.2,30
6/4/2019,0.2,30.3
6/5/2019,0.2,30
6/6/2019,0.2,29
6/7/2019,0.2,28.8
6/8/2019,0.2,29.4
6/9/2019,0.2,29.6
6/10/2019,0.2,29.5
6/11/2019,0.2,29
6/12/2019,0.2,28.6
6/13/2019,0.2,28.3
6/14/2019,0.2,28.3
6/15/2019,0.2,28.1
6/16/2019,0.2,28.1
6/17/2019,0.2,28.3
6/18/2019,0.2,28.1
6/19/2019,0.2,28.6
6/20/2019,0.2,29.1
6/21/2019,0.2,29.5
6/22/2019,0.2,29.9
6/23/2019,0.2,30
6/24/2019,0.2,29.9
6/25/2019,0.2,29.7
6/26/2019,0.2,29.6
6/27/2019,0.2,29.7
6/28/2019,0.2,29.6
6/29/2019,0.2,29.5
6/30/2019,0.2,29.8
7/1/2019,0.2,29.9
7/2/2019,0.2,29.6
7/3/2019,0.2,29.6
7/4/2019,0.2,30
7/5/2019,0.2,30.6
7/6/2019,0.2,31.3
7/7/2019,0.1,31.3
7/8/2019,0.1,31.3
7/9/2019,0.1,31.1
7/10/2019,0.1,30.5
7/11/2019,1.3,30
7/12/2019,5.9,28.6
7/13/2019,8.4,27.8
7/14/2019,3.1,27.4
7/15/2019,2.4,27.5
7/16/2019,1.2,28.3
7/17/2019,0.5,28.9
7/18/2019,0.4,29.5
7/19/2019,0.3,29.9
7/20/2019,0.3,30
7/21/2019,0.3,29.3
7/22/2019,0.3,29.2
7/23/2019,0.3,29.3
7/24/2019,0.3,29.3
7/25/2019,0.4,28.9
7/26/2019,0.4,29
7/27/2019,0.4,29.1
7/28/2019,0.3,29.2
7/29/2019,0.3,29.6
7/30/2019,0.3,29.5
7/31/2019,0.3,29.3
8/1/2019,0.3,29.8
8/2/2019,0.3,29.9
8/3/2019,0.3,29.8
8/4/2019,0.3,29.9
8/5/2019,0.3,30.4
8/6/2019,0.3,30.4
8/7/2019,0.3,30.8
8/8/2019,0.3,31.3
8/9/2019,0.4,31.3
8/10/2019,0.6,31.5
8/11/2019,1.6,31.2
8/12/2019,2.2,31.1
8/13/2019,2.2,31.2
8/14/2019,3.3,30.7
8/15/2019,4.7,30.5
8/16/2019,5.3,30.8
8/17/2019,4.7,31.2
8/18/2019,4.1,30.9
8/19/2019,3,30.5
8/20/2019,2.6,29.9
8/21/2019,2.9,29.8
8/22/2019,4,30.2
8/23/2019,4,30.2
8/24/2019,3.7,30.4
8/25/2019,3.7,30.2
8/26/2019,3.2,29.6
8/27/2019,2.8,29.5
8/28/2019,2,29.7
8/29/2019,2.5,29.9
8/30/2019,3.1,30
8/31/2019,3.8,30
9/1/2019,5.2,30.1
9/2/2019,5.8,29.9
9/3/2019,5.1,30
9/4/2019,3.7,30.4
9/5/2019,2.1,30.6
9/6/2019,1.2,30.7
9/7/2019,1.4,30.8
9/8/2019,1.6,31.1
9/9/2019,2.2,31.2
9/10/2019,3.5,30.9
9/11/2019,4.3,30.8
9/12/2019,4.8,30.7
9/13/2019,4.6,30.6
9/14/2019,5.6,30.5
9/15/2019,6.2,29.9
9/16/2019,7.4,29.6
9/17/2019,5,29.4
9/18/2019,2.5,29.9
9/19/2019,2.9,30
9/20/2019,7.1,29.2
9/21/2019,9.5,28.3
9/22/2019,10,28.1
9/23/2019,8.1,28.3
9/24/2019,5.2,28.5
9/25/2019,3.3,28.6
9/26/2019,2.9,28.8
9/27/2019,3.5,29
9/28/2019,4.3,29
9/29/2019,6.2,29.3
9/30/2019,7.1,29.3
10/1/2019,6.4,29.5
10/2/2019,6.3,29.8
10/3/2019,6.6,30
10/4/2019,6.5,30.3
10/5/2019,6.8,30.1
10/6/2019,8.2,29.3
10/7/2019,9.9,28.8
10/8/2019,8.3,28.4
10/9/2019,7.5,28.1
10/10/2019,8.6,28
10/11/2019,9,27.8
10/12/2019,4.7,26.8
10/13/2019,4.4,25.9
10/14/2019,5.7,25.9
10/15/2019,6.4,26
10/16/2019,5.5,26
10/17/2019,6.4,24.7
10/18/2019,7.7,23
10/19/2019,8.2,22.1
10/20/2019,6.5,23
10/21/2019,5,23.2
10/22/2019,3.3,22.7
10/23/2019,3.4,21.9
10/24/2019,3.6,21.3
10/25/2019,4.1,20.7
10/26/2019,4,20.9
10/27/2019,2.9,20.2
10/28/2019,2.8,20.3
10/29/2019,2.9,20.5
10/30/2019,2.9,20.8
10/31/2019,2.5,20.3
11/1/2019,2.1,18.5
11/2/2019,1.9,17.4
11/3/2019,1.7,16.9
11/4/2019,1.6,16.9
11/5/2019,1.4,16.8
11/6/2019,1.3,17
11/7/2019,1.3,17.8
11/8/2019,1.6,18.4
11/9/2019,1.5,17.5
11/10/2019,1.7,16.8
11/11/2019,1.3,17.1
11/12/2019,1.4,16.2
11/13/2019,1.5,14.5
11/14/2019,1,13.2
11/15/2019,1.2,12.8
11/16/2019,1.7,12.8
11/17/2019,1.3,12.6
11/18/2019,1.2,12.9
11/19/2019,1.1,13.3
11/20/2019,1,13.4
11/21/2019,1.2,13.4
11/22/2019,1.7,14
11/23/2019,1.6,15
11/24/2019,1.3,15.1
11/25/2019,2,14.9
11/26/2019,4.8,15.5
11/27/2019,4.9,16.2
11/28/2019,5,16.2
11/29/2019,3.8,16.3
11/30/2019,2.9,16.6
12/1/2019,2.3,17.1
12/2/2019,1.3,15.3
12/3/2019,1.5,14.8
12/4/2019,1.5,14.7
12/5/2019,2.3,14.3
12/6/2019,3.5,15
12/7/2019,3.6,15.2
12/8/2019,3.9,15.3
12/9/2019,5,15.9
12/10/2019,5.7,16.6
12/11/2019,8.5,15.2
12/12/2019,8.8,13.9
12/13/2019,7.8,13.5
12/14/2019,6.2,13.8
12/15/2019,5.1,14.2
12/16/2019,4.1,14.9
12/17/2019,3.2,14.6
12/18/2019,1.5,12.5
12/19/2019,1.6,12.1
12/20/2019,1.7,12
12/21/2019,3,11.7
12/22/2019,3.2,11.7
12/23/2019,1.9,11.8
12/24/2019,1.8,12.1
12/25/2019,1.8,12.7
12/26/2019,2.1,13.2
12/27/2019,2.8,13.8
12/28/2019,4.1,14.7
12/29/2019,4.4,15.5
12/30/2019,2.9,15.4
12/31/2019,1.9,14.4
1/1/2020,1.7,14.1
1/2/2020,3,14.5
1/3/2020,3,15.2
1/4/2020,2.3,15
1/5/2020,1.2,13.9
1/6/2020,1.1,14
1/7/2020,1,14.4
1/8/2020,0.8,13.8
1/9/2020,1.9,13.8
1/10/2020,4.3,14.5
1/11/2020,6.3,15.5
1/12/2020,4.5,15.4
1/13/2020,3.5,15.5
1/14/2020,2.4,16
1/15/2020,1.9,16.6
1/16/2020,1.4,17.1
1/17/2020,1.4,17
1/18/2020,1.6,17.2
1/19/2020,1.3,17
1/20/2020,1,14.8
1/21/2020,0.8,13
1/22/2020,0.5,11.8
1/23/2020,0.5,11.1
1/24/2020,0.6,11.7
1/25/2020,0.7,12.2
1/26/2020,0.7,12.3
1/27/2020,0.5,12.2
1/28/2020,0.3,12.4
1/29/2020,0.2,12.7
1/30/2020,0.2,13.1
1/31/2020,0.6,13.3
2/1/2020,0.7,13.1
2/2/2020,0.6,12.8
2/3/2020,0.6,13.2
2/4/2020,0.3,13.9
2/5/2020,0.5,14.4
2/6/2020,0.6,14.9
2/7/2020,0.6,13.3
2/8/2020,0.4,13.5
2/9/2020,0.4,13.8
2/10/2020,0.9,14.8
2/11/2020,0.8,15.8
2/12/2020,0.7,16.6
2/13/2020,0.5,17
2/14/2020,0.5,16.1
2/15/2020,0.4,15.4
2/16/2020,0.5,15.1
2/17/2020,0.5,15.2
2/18/2020,0.5,15.7
2/19/2020,0.5,16.3
2/20/2020,0.5,16.2
2/21/2020,0.6,14.6
2/22/2020,0.6,13.7
2/23/2020,0.5,13.8
2/24/2020,0.4,14.1
2/25/2020,0.3,14.4
2/26/2020,0.4,14.6
2/27/2020,0.6,13.7
2/28/2020,0.5,13.3
2/29/2020,0.4,13.6
3/1/2020,0.2,13.5
3/2/2020,0.3,14.5
3/3/2020,0.5,15.5
3/4/2020,0.9,16.4
3/5/2020,1.8,16.6
3/6/2020,0.5,16.1
3/7/2020,0.4,15.3
3/8/2020,0.4,15.3
3/9/2020,0.4,16.1
3/10/2020,0.4,16.8
3/11/2020,0.4,17.6
3/12/2020,0.3,18.6
3/13/2020,0.3,19.1
3/14/2020,0.3,19.7
3/15/2020,0.3,20.4
3/16/2020,0.3,20.8
3/17/2020,0.3,21.4
3/18/2020,0.2,21.9
3/19/2020,0.2,22.6
3/20/2020,0.2,23.2
3/21/2020,0.3,23.3
3/22/2020,0.3,22.8
3/23/2020,0.3,23.3
3/24/2020,0.4,23.8
3/25/2020,0.5,24.1
3/26/2020,0.4,24.4
3/27/2020,0.4,24.6
3/28/2020,0.5,25.3
3/29/2020,0.4,25.3
3/30/2020,0.7,24.8
3/31/2020,0.6,24.6
4/1/2020,0.4,23.3
4/2/2020,0.5,22.9
4/3/2020,0.6,22.8
4/4/2020,0.8,22.8
4/5/2020,0.9,22.9
4/6/2020,1,23.1
4/7/2020,1.1,23.5
4/8/2020,0.6,24.1
4/9/2020,0.5,24.7
4/10/2020,0.7,24.4
4/11/2020,1.2,23.3
4/12/2020,2.7,23.2
4/13/2020,1.2,23.9
4/14/2020,0.6,23.1
4/15/2020,0.5,21.6
4/16/2020,0.6,20.9
4/17/2020,0.6,20.6
4/18/2020,0.5,21.3
4/19/2020,0.5,22
4/20/2020,0.5,22.2
4/21/2020,0.4,22.8
4/22/2020,0.4,23.4
4/23/2020,0.6,23.4
4/24/2020,0.5,23.3
4/25/2020,0.4,23.8
4/26/2020,0.3,23.7
4/27/2020,0.3,23.1
4/28/2020,0.3,22.8
4/29/2020,0.3,22.7
4/30/2020,0.4,22
5/1/2020,0.4,22.2
5/2/2020,0.4,22.4
5/3/2020,0.4,23
5/4/2020,0.4,23.7
5/5/2020,0.4,24.7
5/6/2020,0.4,24.4
5/7/2020,0.4,23.1
5/8/2020,0.3,22.7
5/9/2020,0.4,21.8
5/10/2020,0.5,20.9
5/11/2020,0.4,21.5
5/12/2020,0.6,22
5/13/2020,1.1,22.7
5/14/2020,2.5,23.6
5/15/2020,3.4,23.9
5/16/2020,1.4,24.1
5/17/2020,0.8,24.9
5/18/2020,0.4,25.1
5/19/2020,0.5,25.5
5/20/2020,0.5,25.8
5/21/2020,0.5,26
5/22/2020,0.5,26.6
5/23/2020,0.6,27.2
5/24/2020,1.1,27.5
5/25/2020,2.7,27.5
5/26/2020,4.6,27
5/27/2020,3.3,27.2
5/28/2020,1.7,27.5
5/29/2020,1,27.6
5/30/2020,0.8,28
5/31/2020,0.8,28.3
6/1/2020,0.8,28.2
6/2/2020,1,28.2
6/3/2020,1.3,28.1
6/4/2020,1.3,28.3
6/5/2020,1.4,28.8
6/6/2020,2.8,28.7
6/7/2020,8.5,27.5
6/8/2020,7.6,27
6/9/2020,5.1,27.2
6/10/2020,3.2,27.9
6/11/2020,1.5,27.6
6/12/2020,1.3,27.2
6/13/2020,1.3,27
6/14/2020,1.5,27.5
6/15/2020,1.2,28.1
6/16/2020,1.1,28.8
6/17/2020,1.2,28.5
6/18/2020,1.2,28.7
6/19/2020,1.2,29
6/20/2020,1.2,29.4
6/21/2020,1.1,29.5
6/22/2020,1.1,28.9
6/23/2020,0.9,28.1
6/24/2020,1,27.8
6/25/2020,1,27.6
6/26/2020,1,27.8
6/27/2020,1,28.2
6/28/2020,1,28.5
6/29/2020,1,28.9
6/30/2020,0.9,29.6
7/1/2020,0.8,30.3
7/2/2020,1,30.2
7/3/2020,1.4,29.7
7/4/2020,1.7,29.3
7/5/2020,2.5,29.1
7/6/2020,2.3,28.9
7/7/2020,0.9,28.6
7/8/2020,1.1,28.7
7/9/2020,0.8,29.3
7/10/2020,0.7,29.8
7/11/2020,0.7,30.3
7/12/2020,0.8,31
7/13/2020,0.7,31.3
7/14/2020,1.4,31.1
7/15/2020,3,30.7
7/16/2020,5.4,29.7
7/17/2020,5.7,29.7
7/18/2020,6.7,30.2
7/19/2020,8.1,29.9
7/20/2020,9.2,29.7
7/21/2020,9.8,29.9
7/22/2020,11,30
7/23/2020,14,29.5
7/24/2020,16,28.6
7/25/2020,14,28.1
7/26/2020,7.5,27.7
7/27/2020,4.4,27.5
7/28/2020,3.4,27.5
7/29/2020,2,28
7/30/2020,2,29
7/31/2020,2.1,29.6
8/1/2020,1.9,29.7
8/2/2020,2,29.9
8/3/2020,2.1,30
8/4/2020,2,30.3
8/5/2020,2.1,30.3
8/6/2020,2.2,30.4
8/7/2020,2.4,30.5
8/8/2020,2.4,30.7
8/9/2020,2.1,31.2
8/10/2020,1.9,31.5
8/11/2020,1.8,31.9
8/12/2020,3.2,31.1
8/13/2020,4.6,30.8
8/14/2020,5.9,30.8
8/15/2020,4.1,31
8/16/2020,4.2,30.7
8/17/2020,5.3,30.5
8/18/2020,6.8,30.6
8/19/2020,7.6,30.6
8/20/2020,9.8,29.8
8/21/2020,9.7,29.2
8/22/2020,8,29.2
8/23/2020,11,29.3
8/24/2020,15,28.4
8/25/2020,16,28.7
8/26/2020,16,28.7
8/27/2020,15,28.2
8/28/2020,7.5,28.2
8/29/2020,5.8,28.8
8/30/2020,3.6,28.9
8/31/2020,2.8,28.9
9/1/2020,2.7,29.3
9/2/2020,2.5,29.7
9/3/2020,2.5,29.8
9/4/2020,2.6,29.9
9/5/2020,2.7,30
9/6/2020,3.9,30.5
9/7/2020,4.5,30.1
9/8/2020,5.3,29.6
9/9/2020,6.3,29.4
9/10/2020,6.8,29.5
9/11/2020,6.2,29.5
9/12/2020,6.4,29
9/13/2020,7.8,28.8
9/14/2020,10,28.6
9/15/2020,14,27.5
9/16/2020,11,26.9
9/17/2020,6.3,26.7
9/18/2020,5.3,26.7
9/19/2020,7.5,25.9
9/20/2020,12,24
9/21/2020,16,22.8
9/22/2020,15,22.4
9/23/2020,13,22.9
9/24/2020,6.8,23.5
9/25/2020,4.6,23.9
9/26/2020,4.5,24.3
9/27/2020,3.9,24.7
9/28/2020,4.3,25.4
9/29/2020,3.9,24.3
9/30/2020,4,23.8
10/1/2020,4.2,23.8
10/2/2020,4.9,23.6
10/3/2020,6.2,23.2
10/4/2020,5.7,22.9
10/5/2020,6.1,22.9
10/6/2020,6.5,22.7
10/7/2020,6.6,23.3
10/8/2020,7.1,23.8
10/9/2020,9.2,24.4
10/10/2020,11,24.9
10/11/2020,7.4,25.2
10/12/2020,5.9,25.7
10/13/2020,5.2,25.7
10/14/2020,5.4,25.5
10/15/2020,5.4,25.7
10/16/2020,5.3,25.1
10/17/2020,6.8,23.1
10/18/2020,7.4,22.6
10/19/2020,7.3,23.2
10/20/2020,7.5,23.8
10/21/2020,8.6,24.2
10/22/2020,10,24.6
10/23/2020,11,24.8
10/24/2020,9.5,25
10/25/2020,7.1,24.4
10/26/2020,7.2,24.2
10/27/2020,7.9,24.1
10/28/2020,10,24.2
10/29/2020,8.9,23.4
10/30/2020,5,20.9
10/31/2020,5.1,20.3
11/1/2020,4.8,20.1
11/2/2020,4.6,19.5
11/3/2020,4.7,18.7
11/4/2020,4.6,18.6
11/5/2020,4.7,18.4
11/6/2020,5.6,18.5
11/7/2020,6.6,18.8
11/8/2020,8.3,19.4
11/9/2020,9.3,20
11/10/2020,8.7,20.7
11/11/2020,8.1,21.2
11/12/2020,6.7,21.4
11/13/2020,5.4,21.1
11/14/2020,5.3,21
11/15/2020,5.9,21.6
11/16/2020,5.5,20.7
11/17/2020,5.5,19.4
11/18/2020,5.8,18.5
11/19/2020,6.5,17.8
11/20/2020,7.1,17.9
11/21/2020,6.2,18.5
11/22/2020,5.8,18.8
11/23/2020,5.2,18.7
11/24/2020,5.9,18.2
11/25/2020,6.4,18.5
11/26/2020,5.2,19.2
11/27/2020,5.4,19.5
11/28/2020,5.2,19.5
11/29/2020,6,19.2
11/30/2020,4,17
12/1/2020,3.8,15.6
12/2/2020,3.7,15
12/3/2020,4.9,14.7
12/4/2020,5,14.9
12/5/2020,4.6,14.4
12/6/2020,4.3,14
12/7/2020,4.1,13.5
12/8/2020,4,13.4
12/9/2020,3.9,13.3
12/10/2020,3.7,13.5
12/11/2020,4.1,14.4
12/12/2020,6.3,15.2
12/13/2020,7,15.4
12/14/2020,6.3,15.1
12/15/2020,6.1,14.4
12/16/2020,7.1,13.7
12/17/2020,5.6,12.8
12/18/2020,5.8,12.2
12/19/2020,6.5,11.9
12/20/2020,7.4,12.4
12/21/2020,5.5,12.7
12/22/2020,4.2,12.5
12/23/2020,4.7,13.1
12/24/2020,5.1,12.8
12/25/2020,3.7,11.2
12/26/2020,3.5,10.7
12/27/2020,3.5,10.7
12/28/2020,4.2,11.3
12/29/2020,4.6,11.9
12/30/2020,5.9,12.8
12/31/2020,7.2,13.8
